/*M!999999\- enable the sandbox mode */ 
-- MariaDB dump 10.19-11.5.2-MariaDB, for Win64 (AMD64)
--
-- Host: 127.0.0.1    Database: emensawerbeseite
-- ------------------------------------------------------
-- Server version	11.5.2-MariaDB

/*!40101 SET @OLD_CHARACTER_SET_CLIENT=@@CHARACTER_SET_CLIENT */;
/*!40101 SET @OLD_CHARACTER_SET_RESULTS=@@CHARACTER_SET_RESULTS */;
/*!40101 SET @OLD_COLLATION_CONNECTION=@@COLLATION_CONNECTION */;
/*!40101 SET NAMES utf8mb4 */;
/*!40103 SET @OLD_TIME_ZONE=@@TIME_ZONE */;
/*!40103 SET TIME_ZONE='+00:00' */;
/*!40014 SET @OLD_UNIQUE_CHECKS=@@UNIQUE_CHECKS, UNIQUE_CHECKS=0 */;
/*!40014 SET @OLD_FOREIGN_KEY_CHECKS=@@FOREIGN_KEY_CHECKS, FOREIGN_KEY_CHECKS=0 */;
/*!40101 SET @OLD_SQL_MODE=@@SQL_MODE, SQL_MODE='NO_AUTO_VALUE_ON_ZERO' */;
/*M!100616 SET @OLD_NOTE_VERBOSITY=@@NOTE_VERBOSITY, NOTE_VERBOSITY=0 */;

--
-- Table structure for table `allergen`
--

DROP TABLE IF EXISTS `allergen`;
/*!40101 SET @saved_cs_client     = @@character_set_client */;
/*!40101 SET character_set_client = utf8 */;
CREATE TABLE `allergen` (
  `code` char(4) NOT NULL COMMENT 'Offizieller Abkürzungsbuchstabe für das Allergen.',
  `name` varchar(300) NOT NULL COMMENT 'Name des Allergens, wie „Glutenhaltiges Getreide“. ',
  `typ` varchar(20) NOT NULL COMMENT 'Gibt den Typ an. Standard: „allergen“ ',
  PRIMARY KEY (`code`),
  UNIQUE KEY `allergen_name_constraint` (`name`)
) ENGINE=InnoDB DEFAULT CHARSET=utf8mb4 COLLATE=utf8mb4_unicode_ci;
/*!40101 SET character_set_client = @saved_cs_client */;

--
-- Dumping data for table `allergen`
--

LOCK TABLES `allergen` WRITE;
/*!40000 ALTER TABLE `allergen` DISABLE KEYS */;
INSERT INTO `allergen` VALUES
('a','Getreideprodukte','Getreide (Gluten)'),
('a1','Weizen','Allergen'),
('a2','Roggen','Allergen'),
('a3','Gerste','Allergen'),
('a4','Dinkel','Allergen'),
('a5','Hafer','Allergen'),
('a6','Kamut','Allergen'),
('b','Fisch','Allergen'),
('c','Krebstiere','Allergen'),
('d','Schwefeldioxid/Sulfit','Allergen'),
('e','Sellerie','Allergen'),
('f','Milch und Laktose','Allergen'),
('f1','Butter','Allergen'),
('f2','Käse','Allergen'),
('f3','Margarine','Allergen'),
('g','Sesam','Allergen'),
('h','Nüsse','Allergen'),
('h1','Mandeln','Allergen'),
('h2','Haselnüsse','Allergen'),
('h3','Walnüsse','Allergen'),
('i','Erdnüsse','Allergen');
/*!40000 ALTER TABLE `allergen` ENABLE KEYS */;
UNLOCK TABLES;

--
-- Table structure for table `benutzer`
--

DROP TABLE IF EXISTS `benutzer`;
/*!40101 SET @saved_cs_client     = @@character_set_client */;
/*!40101 SET character_set_client = utf8 */;
CREATE TABLE `benutzer` (
  `id` bigint(20) NOT NULL AUTO_INCREMENT COMMENT 'Eindeutige ID, Auto-Inkrement.',
  `name` varchar(200) NOT NULL COMMENT 'Name, der auch auf der Oberfläche dargestellt wird.',
  `email` varchar(100) NOT NULL COMMENT 'Eindeutige E-Mail der Benutzer:in. Teil der Anmeldung.',
  `passwort` varchar(200) NOT NULL COMMENT 'Speicherung des Passwort-Hashs mit SHA-1.',
  `admin` tinyint(1) NOT NULL DEFAULT 0 COMMENT 'Markierung, ob es sich um einen Administrator handelt oder nicht. Standard: false.',
  `anzahlfehler` int(11) NOT NULL DEFAULT 0 COMMENT 'Zähler, wie oft hintereinander eine Anmeldung erfolglos durchgeführt wurde. Standard: 0.',
  `anzahlanmeldungen` int(11) NOT NULL COMMENT 'Zähler, wie oft eine Anmeldung insgesamt erfolgreich durchgeführt wurde',
  `letzteanmeldung` datetime DEFAULT NULL COMMENT 'Zeitpunkt, an dem sich der/die Benutzer:in zuletzt erfolgreich angemeldet hat.',
  `letzterfehler` datetime DEFAULT NULL COMMENT 'Zeitpunkt, an dem sich der/die Benutzer:in zuletzt Erfolglos angemeldet hat.',
  PRIMARY KEY (`id`),
  UNIQUE KEY `email` (`email`),
  UNIQUE KEY `idx_benutzer_email` (`email`)
) ENGINE=InnoDB AUTO_INCREMENT=3 DEFAULT CHARSET=utf8mb4 COLLATE=utf8mb4_unicode_ci;
/*!40101 SET character_set_client = @saved_cs_client */;

--
-- Dumping data for table `benutzer`
--

LOCK TABLES `benutzer` WRITE;
/*!40000 ALTER TABLE `benutzer` DISABLE KEYS */;
INSERT INTO `benutzer` VALUES
(1,'admin','admin@emensa.example','930d022efc897f9529ea1d23b4c3e2738f9d8dbc',1,2,53,'2025-01-16 12:12:48','2024-12-19 11:54:57'),
(2,'Alaeddin','alaeddin@test.example','d6a69068abfe13eb489c91513b423ed3d926c112',0,0,2,'2025-01-10 09:53:10',NULL);
/*!40000 ALTER TABLE `benutzer` ENABLE KEYS */;
UNLOCK TABLES;

--
-- Table structure for table `besucher`
--

DROP TABLE IF EXISTS `besucher`;
/*!40101 SET @saved_cs_client     = @@character_set_client */;
/*!40101 SET character_set_client = utf8 */;
CREATE TABLE `besucher` (
  `ip` varchar(400) NOT NULL,
  `datum` datetime NOT NULL,
  `browser` varchar(800) DEFAULT NULL
) ENGINE=InnoDB DEFAULT CHARSET=utf8mb4 COLLATE=utf8mb4_unicode_ci;
/*!40101 SET character_set_client = @saved_cs_client */;

--
-- Dumping data for table `besucher`
--

LOCK TABLES `besucher` WRITE;
/*!40000 ALTER TABLE `besucher` DISABLE KEYS */;
INSERT INTO `besucher` VALUES
('127.0.0.1','2024-11-22 10:53:56','Mozilla/5.0 (Windows NT 10.0; Win64; x64) AppleWebKit/537.36 (KHTML, like Gecko) Chrome/130.0.0.0 Safari/537.36 Edg/130.0.0.0'),
('127.0.0.1','2024-11-22 10:53:57','Mozilla/5.0 (Windows NT 10.0; Win64; x64) AppleWebKit/537.36 (KHTML, like Gecko) Chrome/130.0.0.0 Safari/537.36 Edg/130.0.0.0'),
('127.0.0.1','2024-11-22 10:54:21','Mozilla/5.0 (Windows NT 10.0; Win64; x64) AppleWebKit/537.36 (KHTML, like Gecko) Chrome/130.0.0.0 Safari/537.36 Edg/130.0.0.0'),
('127.0.0.1','2024-11-22 10:54:23','Mozilla/5.0 (Windows NT 10.0; Win64; x64) AppleWebKit/537.36 (KHTML, like Gecko) Chrome/130.0.0.0 Safari/537.36 Edg/130.0.0.0'),
('127.0.0.1','2024-11-22 10:54:24','Mozilla/5.0 (Windows NT 10.0; Win64; x64) AppleWebKit/537.36 (KHTML, like Gecko) Chrome/130.0.0.0 Safari/537.36 Edg/130.0.0.0'),
('127.0.0.1','2024-11-22 10:54:25','Mozilla/5.0 (Windows NT 10.0; Win64; x64) AppleWebKit/537.36 (KHTML, like Gecko) Chrome/130.0.0.0 Safari/537.36 Edg/130.0.0.0'),
('127.0.0.1','2024-11-22 10:54:25','Mozilla/5.0 (Windows NT 10.0; Win64; x64) AppleWebKit/537.36 (KHTML, like Gecko) Chrome/130.0.0.0 Safari/537.36 Edg/130.0.0.0'),
('127.0.0.1','2024-11-28 11:34:05','Mozilla/5.0 (Windows NT 10.0; Win64; x64) AppleWebKit/537.36 (KHTML, like Gecko) Chrome/131.0.0.0 Safari/537.36 Edg/131.0.0.0'),
('127.0.0.1','2024-11-28 11:34:06','Mozilla/5.0 (Windows NT 10.0; Win64; x64) AppleWebKit/537.36 (KHTML, like Gecko) Chrome/131.0.0.0 Safari/537.36 Edg/131.0.0.0'),
('127.0.0.1','2024-11-28 11:34:06','Mozilla/5.0 (Windows NT 10.0; Win64; x64) AppleWebKit/537.36 (KHTML, like Gecko) Chrome/131.0.0.0 Safari/537.36 Edg/131.0.0.0'),
('127.0.0.1','2024-11-28 12:29:52','Mozilla/5.0 (Windows NT 10.0; Win64; x64) AppleWebKit/537.36 (KHTML, like Gecko) Chrome/131.0.0.0 Safari/537.36 Edg/131.0.0.0'),
('127.0.0.1','2024-11-28 12:30:09','Mozilla/5.0 (Windows NT 10.0; Win64; x64) AppleWebKit/537.36 (KHTML, like Gecko) Chrome/131.0.0.0 Safari/537.36 Edg/131.0.0.0'),
('127.0.0.1','2024-11-28 12:30:15','Mozilla/5.0 (Windows NT 10.0; Win64; x64) AppleWebKit/537.36 (KHTML, like Gecko) Chrome/131.0.0.0 Safari/537.36 Edg/131.0.0.0'),
('127.0.0.1','2024-11-28 12:39:28','Mozilla/5.0 (Windows NT 10.0; Win64; x64) AppleWebKit/537.36 (KHTML, like Gecko) Chrome/131.0.0.0 Safari/537.36 Edg/131.0.0.0'),
('127.0.0.1','2024-11-28 12:42:05','Mozilla/5.0 (Windows NT 10.0; Win64; x64) AppleWebKit/537.36 (KHTML, like Gecko) Chrome/131.0.0.0 Safari/537.36 Edg/131.0.0.0'),
('127.0.0.1','2024-11-28 12:42:06','Mozilla/5.0 (Windows NT 10.0; Win64; x64) AppleWebKit/537.36 (KHTML, like Gecko) Chrome/131.0.0.0 Safari/537.36 Edg/131.0.0.0'),
('127.0.0.1','2024-11-28 13:00:59','Mozilla/5.0 (Windows NT 10.0; Win64; x64) AppleWebKit/537.36 (KHTML, like Gecko) Chrome/131.0.0.0 Safari/537.36 Edg/131.0.0.0'),
('127.0.0.1','2024-11-28 13:44:13','Mozilla/5.0 (Windows NT 10.0; Win64; x64) AppleWebKit/537.36 (KHTML, like Gecko) Chrome/131.0.0.0 Safari/537.36 Edg/131.0.0.0'),
('127.0.0.1','2024-12-01 19:06:33','Mozilla/5.0 (Windows NT 10.0; Win64; x64) AppleWebKit/537.36 (KHTML, like Gecko) Chrome/131.0.0.0 Safari/537.36 Edg/131.0.0.0'),
('127.0.0.1','2024-12-01 19:07:51','Mozilla/5.0 (Windows NT 10.0; Win64; x64) AppleWebKit/537.36 (KHTML, like Gecko) Chrome/131.0.0.0 Safari/537.36 Edg/131.0.0.0'),
('127.0.0.1','2024-12-01 19:08:12','Mozilla/5.0 (Windows NT 10.0; Win64; x64) AppleWebKit/537.36 (KHTML, like Gecko) Chrome/131.0.0.0 Safari/537.36 Edg/131.0.0.0'),
('127.0.0.1','2024-12-01 19:08:14','Mozilla/5.0 (Windows NT 10.0; Win64; x64) AppleWebKit/537.36 (KHTML, like Gecko) Chrome/131.0.0.0 Safari/537.36 Edg/131.0.0.0'),
('127.0.0.1','2024-12-01 19:08:41','Mozilla/5.0 (Windows NT 10.0; Win64; x64) AppleWebKit/537.36 (KHTML, like Gecko) Chrome/131.0.0.0 Safari/537.36 Edg/131.0.0.0'),
('127.0.0.1','2024-12-01 19:08:41','Mozilla/5.0 (Windows NT 10.0; Win64; x64) AppleWebKit/537.36 (KHTML, like Gecko) Chrome/131.0.0.0 Safari/537.36 Edg/131.0.0.0'),
('127.0.0.1','2024-12-01 19:09:26','Mozilla/5.0 (Windows NT 10.0; Win64; x64) AppleWebKit/537.36 (KHTML, like Gecko) Chrome/131.0.0.0 Safari/537.36 Edg/131.0.0.0'),
('127.0.0.1','2024-12-01 19:09:26','Mozilla/5.0 (Windows NT 10.0; Win64; x64) AppleWebKit/537.36 (KHTML, like Gecko) Chrome/131.0.0.0 Safari/537.36 Edg/131.0.0.0'),
('127.0.0.1','2024-12-01 19:10:38','Mozilla/5.0 (Windows NT 10.0; Win64; x64) AppleWebKit/537.36 (KHTML, like Gecko) Chrome/131.0.0.0 Safari/537.36 Edg/131.0.0.0'),
('127.0.0.1','2024-12-01 19:10:38','Mozilla/5.0 (Windows NT 10.0; Win64; x64) AppleWebKit/537.36 (KHTML, like Gecko) Chrome/131.0.0.0 Safari/537.36 Edg/131.0.0.0'),
('127.0.0.1','2024-12-01 19:10:52','Mozilla/5.0 (Windows NT 10.0; Win64; x64) AppleWebKit/537.36 (KHTML, like Gecko) Chrome/131.0.0.0 Safari/537.36 Edg/131.0.0.0'),
('127.0.0.1','2024-12-01 19:10:52','Mozilla/5.0 (Windows NT 10.0; Win64; x64) AppleWebKit/537.36 (KHTML, like Gecko) Chrome/131.0.0.0 Safari/537.36 Edg/131.0.0.0'),
('127.0.0.1','2024-12-01 19:11:09','Mozilla/5.0 (Windows NT 10.0; Win64; x64) AppleWebKit/537.36 (KHTML, like Gecko) Chrome/131.0.0.0 Safari/537.36 Edg/131.0.0.0'),
('127.0.0.1','2024-12-01 19:11:09','Mozilla/5.0 (Windows NT 10.0; Win64; x64) AppleWebKit/537.36 (KHTML, like Gecko) Chrome/131.0.0.0 Safari/537.36 Edg/131.0.0.0'),
('127.0.0.1','2024-12-01 19:27:18','Mozilla/5.0 (Windows NT 10.0; Win64; x64) AppleWebKit/537.36 (KHTML, like Gecko) Chrome/131.0.0.0 Safari/537.36 Edg/131.0.0.0'),
('127.0.0.1','2024-12-01 19:51:14','Mozilla/5.0 (Windows NT 10.0; Win64; x64) AppleWebKit/537.36 (KHTML, like Gecko) Chrome/131.0.0.0 Safari/537.36 Edg/131.0.0.0'),
('127.0.0.1','2024-12-01 19:51:22','Mozilla/5.0 (Windows NT 10.0; Win64; x64) AppleWebKit/537.36 (KHTML, like Gecko) Chrome/131.0.0.0 Safari/537.36 Edg/131.0.0.0'),
('127.0.0.1','2024-12-01 19:51:29','Mozilla/5.0 (Windows NT 10.0; Win64; x64) AppleWebKit/537.36 (KHTML, like Gecko) Chrome/131.0.0.0 Safari/537.36 Edg/131.0.0.0'),
('127.0.0.1','2024-12-01 19:52:17','Mozilla/5.0 (Windows NT 10.0; Win64; x64) AppleWebKit/537.36 (KHTML, like Gecko) Chrome/131.0.0.0 Safari/537.36 Edg/131.0.0.0'),
('127.0.0.1','2024-12-01 19:54:02','Mozilla/5.0 (Windows NT 10.0; Win64; x64) AppleWebKit/537.36 (KHTML, like Gecko) Chrome/131.0.0.0 Safari/537.36 Edg/131.0.0.0'),
('127.0.0.1','2024-12-01 20:14:37','Mozilla/5.0 (Windows NT 10.0; Win64; x64) AppleWebKit/537.36 (KHTML, like Gecko) Chrome/131.0.0.0 Safari/537.36 Edg/131.0.0.0'),
('127.0.0.1','2024-12-01 20:17:10','Mozilla/5.0 (Windows NT 10.0; Win64; x64) AppleWebKit/537.36 (KHTML, like Gecko) Chrome/131.0.0.0 Safari/537.36 Edg/131.0.0.0'),
('127.0.0.1','2024-12-04 13:27:31','Mozilla/5.0 (Windows NT 10.0; Win64; x64) AppleWebKit/537.36 (KHTML, like Gecko) Chrome/131.0.0.0 Safari/537.36 Edg/131.0.0.0'),
('127.0.0.1','2024-12-05 13:42:11','Mozilla/5.0 (Windows NT 10.0; Win64; x64) AppleWebKit/537.36 (KHTML, like Gecko) Chrome/131.0.0.0 Safari/537.36 Edg/131.0.0.0'),
('127.0.0.1','2024-12-05 13:43:32','Mozilla/5.0 (Windows NT 10.0; Win64; x64) AppleWebKit/537.36 (KHTML, like Gecko) Chrome/131.0.0.0 Safari/537.36 Edg/131.0.0.0'),
('127.0.0.1','2024-12-05 13:43:37','Mozilla/5.0 (Windows NT 10.0; Win64; x64) AppleWebKit/537.36 (KHTML, like Gecko) Chrome/131.0.0.0 Safari/537.36 Edg/131.0.0.0'),
('127.0.0.1','2024-12-05 13:43:48','Mozilla/5.0 (Windows NT 10.0; Win64; x64) AppleWebKit/537.36 (KHTML, like Gecko) Chrome/131.0.0.0 Safari/537.36 Edg/131.0.0.0'),
('127.0.0.1','2024-12-05 13:45:28','Mozilla/5.0 (Windows NT 10.0; Win64; x64) AppleWebKit/537.36 (KHTML, like Gecko) Chrome/131.0.0.0 Safari/537.36 Edg/131.0.0.0'),
('127.0.0.1','2024-12-05 13:45:32','Mozilla/5.0 (Windows NT 10.0; Win64; x64) AppleWebKit/537.36 (KHTML, like Gecko) Chrome/131.0.0.0 Safari/537.36 Edg/131.0.0.0'),
('127.0.0.1','2024-12-06 14:58:48','Mozilla/5.0 (Windows NT 10.0; Win64; x64) AppleWebKit/537.36 (KHTML, like Gecko) Chrome/131.0.0.0 Safari/537.36 Edg/131.0.0.0'),
('::1','2024-12-06 16:36:38','Mozilla/5.0 (Windows NT 10.0; Win64; x64) AppleWebKit/537.36 (KHTML, like Gecko) Chrome/131.0.0.0 Safari/537.36 Edg/131.0.0.0'),
('::1','2024-12-06 16:52:20','Mozilla/5.0 (Windows NT 10.0; Win64; x64) AppleWebKit/537.36 (KHTML, like Gecko) Chrome/131.0.0.0 Safari/537.36 Edg/131.0.0.0'),
('::1','2024-12-06 16:55:23','Mozilla/5.0 (Windows NT 10.0; Win64; x64) AppleWebKit/537.36 (KHTML, like Gecko) Chrome/131.0.0.0 Safari/537.36 Edg/131.0.0.0'),
('::1','2024-12-06 16:56:01','Mozilla/5.0 (Windows NT 10.0; Win64; x64) AppleWebKit/537.36 (KHTML, like Gecko) Chrome/131.0.0.0 Safari/537.36 Edg/131.0.0.0'),
('::1','2024-12-06 17:00:13','Mozilla/5.0 (Windows NT 10.0; Win64; x64) AppleWebKit/537.36 (KHTML, like Gecko) Chrome/131.0.0.0 Safari/537.36 Edg/131.0.0.0'),
('::1','2024-12-06 17:09:02','Mozilla/5.0 (Windows NT 10.0; Win64; x64) AppleWebKit/537.36 (KHTML, like Gecko) Chrome/131.0.0.0 Safari/537.36 Edg/131.0.0.0'),
('::1','2024-12-06 17:13:11','Mozilla/5.0 (Windows NT 10.0; Win64; x64) AppleWebKit/537.36 (KHTML, like Gecko) Chrome/131.0.0.0 Safari/537.36 Edg/131.0.0.0'),
('::1','2024-12-06 17:13:24','Mozilla/5.0 (Windows NT 10.0; Win64; x64) AppleWebKit/537.36 (KHTML, like Gecko) Chrome/131.0.0.0 Safari/537.36 Edg/131.0.0.0'),
('::1','2024-12-06 17:14:23','Mozilla/5.0 (Windows NT 10.0; Win64; x64) AppleWebKit/537.36 (KHTML, like Gecko) Chrome/131.0.0.0 Safari/537.36 Edg/131.0.0.0'),
('::1','2024-12-06 17:16:19','Mozilla/5.0 (Windows NT 10.0; Win64; x64) AppleWebKit/537.36 (KHTML, like Gecko) Chrome/131.0.0.0 Safari/537.36 Edg/131.0.0.0'),
('::1','2024-12-06 17:16:31','Mozilla/5.0 (Windows NT 10.0; Win64; x64) AppleWebKit/537.36 (KHTML, like Gecko) Chrome/131.0.0.0 Safari/537.36 Edg/131.0.0.0'),
('::1','2024-12-06 17:18:16','Mozilla/5.0 (Windows NT 10.0; Win64; x64) AppleWebKit/537.36 (KHTML, like Gecko) Chrome/131.0.0.0 Safari/537.36 Edg/131.0.0.0'),
('::1','2024-12-06 17:20:09','Mozilla/5.0 (Windows NT 10.0; Win64; x64) AppleWebKit/537.36 (KHTML, like Gecko) Chrome/131.0.0.0 Safari/537.36 Edg/131.0.0.0'),
('::1','2024-12-06 17:22:21','Mozilla/5.0 (Windows NT 10.0; Win64; x64) AppleWebKit/537.36 (KHTML, like Gecko) Chrome/131.0.0.0 Safari/537.36 Edg/131.0.0.0'),
('::1','2024-12-06 17:22:38','Mozilla/5.0 (Windows NT 10.0; Win64; x64) AppleWebKit/537.36 (KHTML, like Gecko) Chrome/131.0.0.0 Safari/537.36 Edg/131.0.0.0'),
('::1','2024-12-06 17:22:40','Mozilla/5.0 (Windows NT 10.0; Win64; x64) AppleWebKit/537.36 (KHTML, like Gecko) Chrome/131.0.0.0 Safari/537.36 Edg/131.0.0.0'),
('::1','2024-12-06 17:26:10','Mozilla/5.0 (Windows NT 10.0; Win64; x64) AppleWebKit/537.36 (KHTML, like Gecko) Chrome/131.0.0.0 Safari/537.36 Edg/131.0.0.0'),
('::1','2024-12-06 17:26:13','Mozilla/5.0 (Windows NT 10.0; Win64; x64) AppleWebKit/537.36 (KHTML, like Gecko) Chrome/131.0.0.0 Safari/537.36 Edg/131.0.0.0'),
('::1','2024-12-06 17:26:21','Mozilla/5.0 (Windows NT 10.0; Win64; x64) AppleWebKit/537.36 (KHTML, like Gecko) Chrome/131.0.0.0 Safari/537.36 Edg/131.0.0.0'),
('::1','2024-12-06 17:26:25','Mozilla/5.0 (Windows NT 10.0; Win64; x64) AppleWebKit/537.36 (KHTML, like Gecko) Chrome/131.0.0.0 Safari/537.36 Edg/131.0.0.0'),
('::1','2024-12-06 17:29:07','Mozilla/5.0 (Windows NT 10.0; Win64; x64) AppleWebKit/537.36 (KHTML, like Gecko) Chrome/131.0.0.0 Safari/537.36 Edg/131.0.0.0'),
('::1','2024-12-06 17:32:47','Mozilla/5.0 (Windows NT 10.0; Win64; x64) AppleWebKit/537.36 (KHTML, like Gecko) Chrome/131.0.0.0 Safari/537.36 Edg/131.0.0.0'),
('::1','2024-12-06 17:33:47','Mozilla/5.0 (Windows NT 10.0; Win64; x64) AppleWebKit/537.36 (KHTML, like Gecko) Chrome/131.0.0.0 Safari/537.36 Edg/131.0.0.0'),
('::1','2024-12-06 17:38:26','Mozilla/5.0 (Windows NT 10.0; Win64; x64) AppleWebKit/537.36 (KHTML, like Gecko) Chrome/131.0.0.0 Safari/537.36 Edg/131.0.0.0'),
('::1','2024-12-06 17:38:27','Mozilla/5.0 (Windows NT 10.0; Win64; x64) AppleWebKit/537.36 (KHTML, like Gecko) Chrome/131.0.0.0 Safari/537.36 Edg/131.0.0.0'),
('::1','2024-12-06 17:39:13','Mozilla/5.0 (Windows NT 10.0; Win64; x64) AppleWebKit/537.36 (KHTML, like Gecko) Chrome/131.0.0.0 Safari/537.36 Edg/131.0.0.0'),
('::1','2024-12-06 17:43:14','Mozilla/5.0 (Windows NT 10.0; Win64; x64) AppleWebKit/537.36 (KHTML, like Gecko) Chrome/131.0.0.0 Safari/537.36 Edg/131.0.0.0'),
('::1','2024-12-06 17:43:17','Mozilla/5.0 (Windows NT 10.0; Win64; x64) AppleWebKit/537.36 (KHTML, like Gecko) Chrome/131.0.0.0 Safari/537.36 Edg/131.0.0.0'),
('::1','2024-12-06 18:18:24','Mozilla/5.0 (Windows NT 10.0; Win64; x64) AppleWebKit/537.36 (KHTML, like Gecko) Chrome/131.0.0.0 Safari/537.36 Edg/131.0.0.0'),
('::1','2024-12-06 18:18:42','Mozilla/5.0 (Windows NT 10.0; Win64; x64) AppleWebKit/537.36 (KHTML, like Gecko) Chrome/131.0.0.0 Safari/537.36 Edg/131.0.0.0'),
('::1','2024-12-06 18:19:05','Mozilla/5.0 (Windows NT 10.0; Win64; x64) AppleWebKit/537.36 (KHTML, like Gecko) Chrome/131.0.0.0 Safari/537.36 Edg/131.0.0.0'),
('::1','2024-12-06 18:26:55','Mozilla/5.0 (Windows NT 10.0; Win64; x64) AppleWebKit/537.36 (KHTML, like Gecko) Chrome/131.0.0.0 Safari/537.36 Edg/131.0.0.0'),
('::1','2024-12-06 18:36:51','Mozilla/5.0 (Windows NT 10.0; Win64; x64) AppleWebKit/537.36 (KHTML, like Gecko) Chrome/131.0.0.0 Safari/537.36 Edg/131.0.0.0'),
('::1','2024-12-06 18:37:21','Mozilla/5.0 (Windows NT 10.0; Win64; x64) AppleWebKit/537.36 (KHTML, like Gecko) Chrome/131.0.0.0 Safari/537.36 Edg/131.0.0.0'),
('::1','2024-12-06 18:40:40','Mozilla/5.0 (Windows NT 10.0; Win64; x64) AppleWebKit/537.36 (KHTML, like Gecko) Chrome/131.0.0.0 Safari/537.36 Edg/131.0.0.0'),
('::1','2024-12-06 18:40:42','Mozilla/5.0 (Windows NT 10.0; Win64; x64) AppleWebKit/537.36 (KHTML, like Gecko) Chrome/131.0.0.0 Safari/537.36 Edg/131.0.0.0'),
('::1','2024-12-06 18:40:43','Mozilla/5.0 (Windows NT 10.0; Win64; x64) AppleWebKit/537.36 (KHTML, like Gecko) Chrome/131.0.0.0 Safari/537.36 Edg/131.0.0.0'),
('::1','2024-12-06 18:40:47','Mozilla/5.0 (Windows NT 10.0; Win64; x64) AppleWebKit/537.36 (KHTML, like Gecko) Chrome/131.0.0.0 Safari/537.36 Edg/131.0.0.0'),
('::1','2024-12-06 18:41:42','Mozilla/5.0 (Windows NT 10.0; Win64; x64) AppleWebKit/537.36 (KHTML, like Gecko) Chrome/131.0.0.0 Safari/537.36 Edg/131.0.0.0'),
('::1','2024-12-06 18:41:51','Mozilla/5.0 (Windows NT 10.0; Win64; x64) AppleWebKit/537.36 (KHTML, like Gecko) Chrome/131.0.0.0 Safari/537.36 Edg/131.0.0.0'),
('::1','2024-12-06 18:41:52','Mozilla/5.0 (Windows NT 10.0; Win64; x64) AppleWebKit/537.36 (KHTML, like Gecko) Chrome/131.0.0.0 Safari/537.36 Edg/131.0.0.0'),
('::1','2024-12-06 18:41:56','Mozilla/5.0 (Windows NT 10.0; Win64; x64) AppleWebKit/537.36 (KHTML, like Gecko) Chrome/131.0.0.0 Safari/537.36 Edg/131.0.0.0'),
('::1','2024-12-06 18:54:05','Mozilla/5.0 (Windows NT 10.0; Win64; x64) AppleWebKit/537.36 (KHTML, like Gecko) Chrome/131.0.0.0 Safari/537.36 Edg/131.0.0.0'),
('::1','2024-12-06 19:06:56','Mozilla/5.0 (Windows NT 10.0; Win64; x64) AppleWebKit/537.36 (KHTML, like Gecko) Chrome/131.0.0.0 Safari/537.36 Edg/131.0.0.0'),
('::1','2024-12-06 19:06:57','Mozilla/5.0 (Windows NT 10.0; Win64; x64) AppleWebKit/537.36 (KHTML, like Gecko) Chrome/131.0.0.0 Safari/537.36 Edg/131.0.0.0'),
('::1','2024-12-06 19:07:00','Mozilla/5.0 (Windows NT 10.0; Win64; x64) AppleWebKit/537.36 (KHTML, like Gecko) Chrome/131.0.0.0 Safari/537.36 Edg/131.0.0.0'),
('::1','2024-12-06 19:07:06','Mozilla/5.0 (Windows NT 10.0; Win64; x64) AppleWebKit/537.36 (KHTML, like Gecko) Chrome/131.0.0.0 Safari/537.36 Edg/131.0.0.0'),
('::1','2024-12-06 19:08:15','Mozilla/5.0 (Windows NT 10.0; Win64; x64) AppleWebKit/537.36 (KHTML, like Gecko) Chrome/131.0.0.0 Safari/537.36 Edg/131.0.0.0'),
('::1','2024-12-06 19:08:25','Mozilla/5.0 (Windows NT 10.0; Win64; x64) AppleWebKit/537.36 (KHTML, like Gecko) Chrome/131.0.0.0 Safari/537.36 Edg/131.0.0.0'),
('::1','2024-12-06 19:11:56','Mozilla/5.0 (Windows NT 10.0; Win64; x64) AppleWebKit/537.36 (KHTML, like Gecko) Chrome/131.0.0.0 Safari/537.36 Edg/131.0.0.0'),
('::1','2024-12-06 19:11:58','Mozilla/5.0 (Windows NT 10.0; Win64; x64) AppleWebKit/537.36 (KHTML, like Gecko) Chrome/131.0.0.0 Safari/537.36 Edg/131.0.0.0'),
('::1','2024-12-06 19:11:59','Mozilla/5.0 (Windows NT 10.0; Win64; x64) AppleWebKit/537.36 (KHTML, like Gecko) Chrome/131.0.0.0 Safari/537.36 Edg/131.0.0.0'),
('::1','2024-12-06 19:12:00','Mozilla/5.0 (Windows NT 10.0; Win64; x64) AppleWebKit/537.36 (KHTML, like Gecko) Chrome/131.0.0.0 Safari/537.36 Edg/131.0.0.0'),
('::1','2024-12-06 19:12:13','Mozilla/5.0 (Windows NT 10.0; Win64; x64) AppleWebKit/537.36 (KHTML, like Gecko) Chrome/131.0.0.0 Safari/537.36 Edg/131.0.0.0'),
('::1','2024-12-06 19:13:16','Mozilla/5.0 (Windows NT 10.0; Win64; x64) AppleWebKit/537.36 (KHTML, like Gecko) Chrome/131.0.0.0 Safari/537.36 Edg/131.0.0.0'),
('::1','2024-12-06 19:14:25','Mozilla/5.0 (Windows NT 10.0; Win64; x64) AppleWebKit/537.36 (KHTML, like Gecko) Chrome/131.0.0.0 Safari/537.36 Edg/131.0.0.0'),
('::1','2024-12-06 19:14:26','Mozilla/5.0 (Windows NT 10.0; Win64; x64) AppleWebKit/537.36 (KHTML, like Gecko) Chrome/131.0.0.0 Safari/537.36 Edg/131.0.0.0'),
('::1','2024-12-06 19:15:13','Mozilla/5.0 (Windows NT 10.0; Win64; x64) AppleWebKit/537.36 (KHTML, like Gecko) Chrome/131.0.0.0 Safari/537.36 Edg/131.0.0.0'),
('::1','2024-12-06 19:16:11','Mozilla/5.0 (Windows NT 10.0; Win64; x64) AppleWebKit/537.36 (KHTML, like Gecko) Chrome/131.0.0.0 Safari/537.36 Edg/131.0.0.0'),
('::1','2024-12-06 19:18:09','Mozilla/5.0 (Windows NT 10.0; Win64; x64) AppleWebKit/537.36 (KHTML, like Gecko) Chrome/131.0.0.0 Safari/537.36 Edg/131.0.0.0'),
('::1','2024-12-06 19:18:14','Mozilla/5.0 (Windows NT 10.0; Win64; x64) AppleWebKit/537.36 (KHTML, like Gecko) Chrome/131.0.0.0 Safari/537.36 Edg/131.0.0.0'),
('::1','2024-12-06 19:25:53','Mozilla/5.0 (Windows NT 10.0; Win64; x64) AppleWebKit/537.36 (KHTML, like Gecko) Chrome/131.0.0.0 Safari/537.36 Edg/131.0.0.0'),
('::1','2024-12-06 19:25:53','Mozilla/5.0 (Windows NT 10.0; Win64; x64) AppleWebKit/537.36 (KHTML, like Gecko) Chrome/131.0.0.0 Safari/537.36 Edg/131.0.0.0'),
('::1','2024-12-06 19:25:54','Mozilla/5.0 (Windows NT 10.0; Win64; x64) AppleWebKit/537.36 (KHTML, like Gecko) Chrome/131.0.0.0 Safari/537.36 Edg/131.0.0.0'),
('::1','2024-12-06 19:25:55','Mozilla/5.0 (Windows NT 10.0; Win64; x64) AppleWebKit/537.36 (KHTML, like Gecko) Chrome/131.0.0.0 Safari/537.36 Edg/131.0.0.0'),
('::1','2024-12-06 19:25:57','Mozilla/5.0 (Windows NT 10.0; Win64; x64) AppleWebKit/537.36 (KHTML, like Gecko) Chrome/131.0.0.0 Safari/537.36 Edg/131.0.0.0'),
('::1','2024-12-06 19:37:53','Mozilla/5.0 (Windows NT 10.0; Win64; x64) AppleWebKit/537.36 (KHTML, like Gecko) Chrome/131.0.0.0 Safari/537.36 Edg/131.0.0.0'),
('::1','2024-12-06 19:37:55','Mozilla/5.0 (Windows NT 10.0; Win64; x64) AppleWebKit/537.36 (KHTML, like Gecko) Chrome/131.0.0.0 Safari/537.36 Edg/131.0.0.0'),
('::1','2024-12-06 19:39:39','Mozilla/5.0 (Windows NT 10.0; Win64; x64) AppleWebKit/537.36 (KHTML, like Gecko) Chrome/131.0.0.0 Safari/537.36 Edg/131.0.0.0'),
('::1','2024-12-06 19:39:42','Mozilla/5.0 (Windows NT 10.0; Win64; x64) AppleWebKit/537.36 (KHTML, like Gecko) Chrome/131.0.0.0 Safari/537.36 Edg/131.0.0.0'),
('::1','2024-12-06 19:39:48','Mozilla/5.0 (Windows NT 10.0; Win64; x64) AppleWebKit/537.36 (KHTML, like Gecko) Chrome/131.0.0.0 Safari/537.36 Edg/131.0.0.0'),
('::1','2024-12-06 19:40:05','Mozilla/5.0 (Windows NT 10.0; Win64; x64) AppleWebKit/537.36 (KHTML, like Gecko) Chrome/131.0.0.0 Safari/537.36 Edg/131.0.0.0'),
('::1','2024-12-06 19:40:22','Mozilla/5.0 (Windows NT 10.0; Win64; x64) AppleWebKit/537.36 (KHTML, like Gecko) Chrome/131.0.0.0 Safari/537.36 Edg/131.0.0.0'),
('::1','2024-12-06 19:41:02','Mozilla/5.0 (Windows NT 10.0; Win64; x64) AppleWebKit/537.36 (KHTML, like Gecko) Chrome/131.0.0.0 Safari/537.36 Edg/131.0.0.0'),
('::1','2024-12-06 19:42:45','Mozilla/5.0 (Windows NT 10.0; Win64; x64) AppleWebKit/537.36 (KHTML, like Gecko) Chrome/131.0.0.0 Safari/537.36 Edg/131.0.0.0'),
('::1','2024-12-06 19:44:22','Mozilla/5.0 (Windows NT 10.0; Win64; x64) AppleWebKit/537.36 (KHTML, like Gecko) Chrome/131.0.0.0 Safari/537.36 Edg/131.0.0.0'),
('::1','2024-12-06 20:23:34','Mozilla/5.0 (Windows NT 10.0; Win64; x64) AppleWebKit/537.36 (KHTML, like Gecko) Chrome/131.0.0.0 Safari/537.36 Edg/131.0.0.0'),
('::1','2024-12-06 20:54:57','Mozilla/5.0 (Windows NT 10.0; Win64; x64) AppleWebKit/537.36 (KHTML, like Gecko) Chrome/131.0.0.0 Safari/537.36 Edg/131.0.0.0'),
('127.0.0.1','2024-12-06 21:12:19','Mozilla/5.0 (Windows NT 10.0; Win64; x64) AppleWebKit/537.36 (KHTML, like Gecko) Chrome/131.0.0.0 Safari/537.36 Edg/131.0.0.0'),
('::1','2024-12-06 21:15:47','Mozilla/5.0 (Windows NT 10.0; Win64; x64) AppleWebKit/537.36 (KHTML, like Gecko) Chrome/131.0.0.0 Safari/537.36 Edg/131.0.0.0'),
('::1','2024-12-06 21:23:34','Mozilla/5.0 (Windows NT 10.0; Win64; x64) AppleWebKit/537.36 (KHTML, like Gecko) Chrome/131.0.0.0 Safari/537.36 Edg/131.0.0.0'),
('::1','2024-12-06 21:23:39','Mozilla/5.0 (Windows NT 10.0; Win64; x64) AppleWebKit/537.36 (KHTML, like Gecko) Chrome/131.0.0.0 Safari/537.36 Edg/131.0.0.0'),
('::1','2024-12-06 21:23:44','Mozilla/5.0 (Windows NT 10.0; Win64; x64) AppleWebKit/537.36 (KHTML, like Gecko) Chrome/131.0.0.0 Safari/537.36 Edg/131.0.0.0'),
('127.0.0.1','2024-12-07 09:34:39','Mozilla/5.0 (Windows NT 10.0; Win64; x64) AppleWebKit/537.36 (KHTML, like Gecko) Chrome/131.0.0.0 Safari/537.36 Edg/131.0.0.0'),
('::1','2024-12-11 16:33:32','Mozilla/5.0 (Windows NT 10.0; Win64; x64) AppleWebKit/537.36 (KHTML, like Gecko) Chrome/131.0.0.0 Safari/537.36 Edg/131.0.0.0'),
('::1','2024-12-11 16:36:41','Mozilla/5.0 (Windows NT 10.0; Win64; x64) AppleWebKit/537.36 (KHTML, like Gecko) Chrome/131.0.0.0 Safari/537.36 Edg/131.0.0.0'),
('::1','2024-12-11 16:37:27','Mozilla/5.0 (Windows NT 10.0; Win64; x64) AppleWebKit/537.36 (KHTML, like Gecko) Chrome/131.0.0.0 Safari/537.36 Edg/131.0.0.0'),
('::1','2024-12-11 16:37:57','Mozilla/5.0 (Windows NT 10.0; Win64; x64) AppleWebKit/537.36 (KHTML, like Gecko) Chrome/131.0.0.0 Safari/537.36 Edg/131.0.0.0'),
('::1','2024-12-11 16:39:09','Mozilla/5.0 (Windows NT 10.0; Win64; x64) AppleWebKit/537.36 (KHTML, like Gecko) Chrome/131.0.0.0 Safari/537.36 Edg/131.0.0.0'),
('::1','2024-12-11 16:39:45','Mozilla/5.0 (Windows NT 10.0; Win64; x64) AppleWebKit/537.36 (KHTML, like Gecko) Chrome/131.0.0.0 Safari/537.36 Edg/131.0.0.0'),
('::1','2024-12-11 16:40:29','Mozilla/5.0 (Windows NT 10.0; Win64; x64) AppleWebKit/537.36 (KHTML, like Gecko) Chrome/131.0.0.0 Safari/537.36 Edg/131.0.0.0'),
('::1','2024-12-11 16:40:54','Mozilla/5.0 (Windows NT 10.0; Win64; x64) AppleWebKit/537.36 (KHTML, like Gecko) Chrome/131.0.0.0 Safari/537.36 Edg/131.0.0.0'),
('::1','2024-12-11 16:44:38','Mozilla/5.0 (Windows NT 10.0; Win64; x64) AppleWebKit/537.36 (KHTML, like Gecko) Chrome/131.0.0.0 Safari/537.36 Edg/131.0.0.0'),
('::1','2024-12-11 16:56:21','Mozilla/5.0 (Windows NT 10.0; Win64; x64) AppleWebKit/537.36 (KHTML, like Gecko) Chrome/131.0.0.0 Safari/537.36 Edg/131.0.0.0'),
('::1','2024-12-11 16:59:13','Mozilla/5.0 (Windows NT 10.0; Win64; x64) AppleWebKit/537.36 (KHTML, like Gecko) Chrome/131.0.0.0 Safari/537.36 Edg/131.0.0.0'),
('::1','2024-12-11 17:00:31','Mozilla/5.0 (Windows NT 10.0; Win64; x64) AppleWebKit/537.36 (KHTML, like Gecko) Chrome/131.0.0.0 Safari/537.36 Edg/131.0.0.0'),
('::1','2024-12-11 22:35:16','Mozilla/5.0 (Windows NT 10.0; Win64; x64) AppleWebKit/537.36 (KHTML, like Gecko) Chrome/131.0.0.0 Safari/537.36 Edg/131.0.0.0'),
('::1','2024-12-11 22:35:23','Mozilla/5.0 (Windows NT 10.0; Win64; x64) AppleWebKit/537.36 (KHTML, like Gecko) Chrome/131.0.0.0 Safari/537.36 Edg/131.0.0.0'),
('::1','2024-12-11 22:35:35','Mozilla/5.0 (Windows NT 10.0; Win64; x64) AppleWebKit/537.36 (KHTML, like Gecko) Chrome/131.0.0.0 Safari/537.36 Edg/131.0.0.0'),
('::1','2024-12-11 22:47:33','Mozilla/5.0 (Windows NT 10.0; Win64; x64) AppleWebKit/537.36 (KHTML, like Gecko) Chrome/131.0.0.0 Safari/537.36 Edg/131.0.0.0'),
('::1','2024-12-11 22:47:41','Mozilla/5.0 (Windows NT 10.0; Win64; x64) AppleWebKit/537.36 (KHTML, like Gecko) Chrome/131.0.0.0 Safari/537.36 Edg/131.0.0.0'),
('::1','2024-12-11 22:55:43','Mozilla/5.0 (Windows NT 10.0; Win64; x64) AppleWebKit/537.36 (KHTML, like Gecko) Chrome/131.0.0.0 Safari/537.36 Edg/131.0.0.0'),
('::1','2024-12-12 12:20:30','Mozilla/5.0 (Windows NT 10.0; Win64; x64) AppleWebKit/537.36 (KHTML, like Gecko) Chrome/131.0.0.0 Safari/537.36 Edg/131.0.0.0'),
('::1','2024-12-12 12:38:09','Mozilla/5.0 (Windows NT 10.0; Win64; x64) AppleWebKit/537.36 (KHTML, like Gecko) Chrome/131.0.0.0 Safari/537.36 Edg/131.0.0.0'),
('::1','2024-12-12 12:54:48','Mozilla/5.0 (Windows NT 10.0; Win64; x64) AppleWebKit/537.36 (KHTML, like Gecko) Chrome/131.0.0.0 Safari/537.36 Edg/131.0.0.0'),
('::1','2024-12-12 15:11:37','Mozilla/5.0 (Windows NT 10.0; Win64; x64) AppleWebKit/537.36 (KHTML, like Gecko) Chrome/131.0.0.0 Safari/537.36 Edg/131.0.0.0'),
('::1','2024-12-12 15:53:17','Mozilla/5.0 (Windows NT 10.0; Win64; x64) AppleWebKit/537.36 (KHTML, like Gecko) Chrome/131.0.0.0 Safari/537.36 Edg/131.0.0.0'),
('::1','2024-12-12 16:18:10','Mozilla/5.0 (Windows NT 10.0; Win64; x64) AppleWebKit/537.36 (KHTML, like Gecko) Chrome/131.0.0.0 Safari/537.36 Edg/131.0.0.0'),
('::1','2024-12-12 16:27:16','Mozilla/5.0 (Windows NT 10.0; Win64; x64) AppleWebKit/537.36 (KHTML, like Gecko) Chrome/131.0.0.0 Safari/537.36 Edg/131.0.0.0'),
('::1','2024-12-12 16:37:24','Mozilla/5.0 (Windows NT 10.0; Win64; x64) AppleWebKit/537.36 (KHTML, like Gecko) Chrome/131.0.0.0 Safari/537.36 Edg/131.0.0.0'),
('::1','2024-12-12 16:38:04','Mozilla/5.0 (Windows NT 10.0; Win64; x64) AppleWebKit/537.36 (KHTML, like Gecko) Chrome/131.0.0.0 Safari/537.36 Edg/131.0.0.0'),
('::1','2024-12-12 16:38:32','Mozilla/5.0 (Windows NT 10.0; Win64; x64) AppleWebKit/537.36 (KHTML, like Gecko) Chrome/131.0.0.0 Safari/537.36 Edg/131.0.0.0'),
('::1','2024-12-12 16:55:59','Mozilla/5.0 (Windows NT 10.0; Win64; x64) AppleWebKit/537.36 (KHTML, like Gecko) Chrome/131.0.0.0 Safari/537.36 Edg/131.0.0.0'),
('::1','2024-12-12 17:02:30','Mozilla/5.0 (Windows NT 10.0; Win64; x64) AppleWebKit/537.36 (KHTML, like Gecko) Chrome/131.0.0.0 Safari/537.36 Edg/131.0.0.0'),
('::1','2024-12-17 18:20:15','Mozilla/5.0 (Windows NT 10.0; Win64; x64) AppleWebKit/537.36 (KHTML, like Gecko) Chrome/131.0.0.0 Safari/537.36 Edg/131.0.0.0'),
('::1','2024-12-17 20:54:08','Mozilla/5.0 (Windows NT 10.0; Win64; x64) AppleWebKit/537.36 (KHTML, like Gecko) Chrome/131.0.0.0 Safari/537.36 Edg/131.0.0.0'),
('::1','2024-12-17 21:13:34','Mozilla/5.0 (Windows NT 10.0; Win64; x64) AppleWebKit/537.36 (KHTML, like Gecko) Chrome/131.0.0.0 Safari/537.36 Edg/131.0.0.0'),
('::1','2024-12-17 21:14:29','Mozilla/5.0 (Windows NT 10.0; Win64; x64) AppleWebKit/537.36 (KHTML, like Gecko) Chrome/131.0.0.0 Safari/537.36 Edg/131.0.0.0'),
('::1','2024-12-17 21:14:42','Mozilla/5.0 (Windows NT 10.0; Win64; x64) AppleWebKit/537.36 (KHTML, like Gecko) Chrome/131.0.0.0 Safari/537.36 Edg/131.0.0.0'),
('::1','2024-12-17 21:16:38','Mozilla/5.0 (Windows NT 10.0; Win64; x64) AppleWebKit/537.36 (KHTML, like Gecko) Chrome/131.0.0.0 Safari/537.36 Edg/131.0.0.0'),
('::1','2024-12-17 21:16:51','Mozilla/5.0 (Windows NT 10.0; Win64; x64) AppleWebKit/537.36 (KHTML, like Gecko) Chrome/131.0.0.0 Safari/537.36 Edg/131.0.0.0'),
('::1','2024-12-17 21:20:00','Mozilla/5.0 (Windows NT 10.0; Win64; x64) AppleWebKit/537.36 (KHTML, like Gecko) Chrome/131.0.0.0 Safari/537.36 Edg/131.0.0.0'),
('::1','2024-12-17 21:20:18','Mozilla/5.0 (Windows NT 10.0; Win64; x64) AppleWebKit/537.36 (KHTML, like Gecko) Chrome/131.0.0.0 Safari/537.36 Edg/131.0.0.0'),
('::1','2024-12-17 21:20:42','Mozilla/5.0 (Windows NT 10.0; Win64; x64) AppleWebKit/537.36 (KHTML, like Gecko) Chrome/131.0.0.0 Safari/537.36 Edg/131.0.0.0'),
('::1','2024-12-17 21:22:14','Mozilla/5.0 (Windows NT 10.0; Win64; x64) AppleWebKit/537.36 (KHTML, like Gecko) Chrome/131.0.0.0 Safari/537.36 Edg/131.0.0.0'),
('::1','2024-12-17 21:22:46','Mozilla/5.0 (Windows NT 10.0; Win64; x64) AppleWebKit/537.36 (KHTML, like Gecko) Chrome/131.0.0.0 Safari/537.36 Edg/131.0.0.0'),
('::1','2024-12-17 21:22:54','Mozilla/5.0 (Windows NT 10.0; Win64; x64) AppleWebKit/537.36 (KHTML, like Gecko) Chrome/131.0.0.0 Safari/537.36 Edg/131.0.0.0'),
('::1','2024-12-17 21:24:17','Mozilla/5.0 (Windows NT 10.0; Win64; x64) AppleWebKit/537.36 (KHTML, like Gecko) Chrome/131.0.0.0 Safari/537.36 Edg/131.0.0.0'),
('::1','2024-12-17 21:25:30','Mozilla/5.0 (Windows NT 10.0; Win64; x64) AppleWebKit/537.36 (KHTML, like Gecko) Chrome/131.0.0.0 Safari/537.36 Edg/131.0.0.0'),
('::1','2024-12-17 21:25:39','Mozilla/5.0 (Windows NT 10.0; Win64; x64) AppleWebKit/537.36 (KHTML, like Gecko) Chrome/131.0.0.0 Safari/537.36 Edg/131.0.0.0'),
('::1','2024-12-17 21:26:26','Mozilla/5.0 (Windows NT 10.0; Win64; x64) AppleWebKit/537.36 (KHTML, like Gecko) Chrome/131.0.0.0 Safari/537.36 Edg/131.0.0.0'),
('::1','2024-12-17 21:29:15','Mozilla/5.0 (Windows NT 10.0; Win64; x64) AppleWebKit/537.36 (KHTML, like Gecko) Chrome/131.0.0.0 Safari/537.36 Edg/131.0.0.0'),
('::1','2024-12-17 21:29:17','Mozilla/5.0 (Windows NT 10.0; Win64; x64) AppleWebKit/537.36 (KHTML, like Gecko) Chrome/131.0.0.0 Safari/537.36 Edg/131.0.0.0'),
('::1','2024-12-17 21:29:22','Mozilla/5.0 (Windows NT 10.0; Win64; x64) AppleWebKit/537.36 (KHTML, like Gecko) Chrome/131.0.0.0 Safari/537.36 Edg/131.0.0.0'),
('::1','2024-12-17 21:30:04','Mozilla/5.0 (Windows NT 10.0; Win64; x64) AppleWebKit/537.36 (KHTML, like Gecko) Chrome/131.0.0.0 Safari/537.36 Edg/131.0.0.0'),
('::1','2024-12-17 21:30:12','Mozilla/5.0 (Windows NT 10.0; Win64; x64) AppleWebKit/537.36 (KHTML, like Gecko) Chrome/131.0.0.0 Safari/537.36 Edg/131.0.0.0'),
('::1','2024-12-17 21:32:23','Mozilla/5.0 (Windows NT 10.0; Win64; x64) AppleWebKit/537.36 (KHTML, like Gecko) Chrome/131.0.0.0 Safari/537.36 Edg/131.0.0.0'),
('::1','2024-12-17 21:32:33','Mozilla/5.0 (Windows NT 10.0; Win64; x64) AppleWebKit/537.36 (KHTML, like Gecko) Chrome/131.0.0.0 Safari/537.36 Edg/131.0.0.0'),
('::1','2024-12-17 21:32:35','Mozilla/5.0 (Windows NT 10.0; Win64; x64) AppleWebKit/537.36 (KHTML, like Gecko) Chrome/131.0.0.0 Safari/537.36 Edg/131.0.0.0'),
('::1','2024-12-18 11:12:18','Mozilla/5.0 (Windows NT 10.0; Win64; x64) AppleWebKit/537.36 (KHTML, like Gecko) Chrome/131.0.0.0 Safari/537.36 Edg/131.0.0.0'),
('::1','2024-12-18 11:12:24','Mozilla/5.0 (Windows NT 10.0; Win64; x64) AppleWebKit/537.36 (KHTML, like Gecko) Chrome/131.0.0.0 Safari/537.36 Edg/131.0.0.0'),
('::1','2024-12-18 11:26:56','Mozilla/5.0 (Windows NT 10.0; Win64; x64) AppleWebKit/537.36 (KHTML, like Gecko) Chrome/131.0.0.0 Safari/537.36 Edg/131.0.0.0'),
('::1','2024-12-18 11:27:01','Mozilla/5.0 (Windows NT 10.0; Win64; x64) AppleWebKit/537.36 (KHTML, like Gecko) Chrome/131.0.0.0 Safari/537.36 Edg/131.0.0.0'),
('::1','2024-12-18 11:27:22','Mozilla/5.0 (Windows NT 10.0; Win64; x64) AppleWebKit/537.36 (KHTML, like Gecko) Chrome/131.0.0.0 Safari/537.36 Edg/131.0.0.0'),
('::1','2024-12-18 12:19:30','Mozilla/5.0 (Windows NT 10.0; Win64; x64) AppleWebKit/537.36 (KHTML, like Gecko) Chrome/131.0.0.0 Safari/537.36 Edg/131.0.0.0'),
('::1','2024-12-18 12:19:38','Mozilla/5.0 (Windows NT 10.0; Win64; x64) AppleWebKit/537.36 (KHTML, like Gecko) Chrome/131.0.0.0 Safari/537.36 Edg/131.0.0.0'),
('::1','2024-12-18 12:19:45','Mozilla/5.0 (Windows NT 10.0; Win64; x64) AppleWebKit/537.36 (KHTML, like Gecko) Chrome/131.0.0.0 Safari/537.36 Edg/131.0.0.0'),
('::1','2024-12-18 12:20:09','Mozilla/5.0 (Windows NT 10.0; Win64; x64) AppleWebKit/537.36 (KHTML, like Gecko) Chrome/131.0.0.0 Safari/537.36 Edg/131.0.0.0'),
('::1','2024-12-18 12:22:35','Mozilla/5.0 (Windows NT 10.0; Win64; x64) AppleWebKit/537.36 (KHTML, like Gecko) Chrome/131.0.0.0 Safari/537.36 Edg/131.0.0.0'),
('::1','2024-12-18 12:26:23','Mozilla/5.0 (Windows NT 10.0; Win64; x64) AppleWebKit/537.36 (KHTML, like Gecko) Chrome/131.0.0.0 Safari/537.36 Edg/131.0.0.0'),
('::1','2024-12-18 12:29:30','Mozilla/5.0 (Windows NT 10.0; Win64; x64) AppleWebKit/537.36 (KHTML, like Gecko) Chrome/131.0.0.0 Safari/537.36 Edg/131.0.0.0'),
('::1','2024-12-18 12:30:51','Mozilla/5.0 (Windows NT 10.0; Win64; x64) AppleWebKit/537.36 (KHTML, like Gecko) Chrome/131.0.0.0 Safari/537.36 Edg/131.0.0.0'),
('::1','2024-12-18 12:31:28','Mozilla/5.0 (Windows NT 10.0; Win64; x64) AppleWebKit/537.36 (KHTML, like Gecko) Chrome/131.0.0.0 Safari/537.36 Edg/131.0.0.0'),
('::1','2024-12-18 12:31:55','Mozilla/5.0 (Windows NT 10.0; Win64; x64) AppleWebKit/537.36 (KHTML, like Gecko) Chrome/131.0.0.0 Safari/537.36 Edg/131.0.0.0'),
('::1','2024-12-18 12:38:00','Mozilla/5.0 (Windows NT 10.0; Win64; x64) AppleWebKit/537.36 (KHTML, like Gecko) Chrome/131.0.0.0 Safari/537.36 Edg/131.0.0.0'),
('::1','2024-12-18 14:59:08','Mozilla/5.0 (Windows NT 10.0; Win64; x64) AppleWebKit/537.36 (KHTML, like Gecko) Chrome/131.0.0.0 Safari/537.36 Edg/131.0.0.0'),
('::1','2024-12-18 16:29:21','Mozilla/5.0 (Windows NT 10.0; Win64; x64) AppleWebKit/537.36 (KHTML, like Gecko) Chrome/131.0.0.0 Safari/537.36 Edg/131.0.0.0'),
('::1','2024-12-18 16:29:29','Mozilla/5.0 (Windows NT 10.0; Win64; x64) AppleWebKit/537.36 (KHTML, like Gecko) Chrome/131.0.0.0 Safari/537.36 Edg/131.0.0.0'),
('::1','2024-12-19 12:37:59','Mozilla/5.0 (Windows NT 10.0; Win64; x64) AppleWebKit/537.36 (KHTML, like Gecko) Chrome/131.0.0.0 Safari/537.36 Edg/131.0.0.0'),
('::1','2024-12-19 12:38:04','Mozilla/5.0 (Windows NT 10.0; Win64; x64) AppleWebKit/537.36 (KHTML, like Gecko) Chrome/131.0.0.0 Safari/537.36 Edg/131.0.0.0'),
('::1','2024-12-19 12:38:17','Mozilla/5.0 (Windows NT 10.0; Win64; x64) AppleWebKit/537.36 (KHTML, like Gecko) Chrome/131.0.0.0 Safari/537.36 Edg/131.0.0.0'),
('::1','2024-12-19 12:39:21','Mozilla/5.0 (Windows NT 10.0; Win64; x64) AppleWebKit/537.36 (KHTML, like Gecko) Chrome/131.0.0.0 Safari/537.36 Edg/131.0.0.0'),
('::1','2024-12-19 12:39:33','Mozilla/5.0 (Windows NT 10.0; Win64; x64) AppleWebKit/537.36 (KHTML, like Gecko) Chrome/131.0.0.0 Safari/537.36 Edg/131.0.0.0'),
('::1','2024-12-19 12:39:56','Mozilla/5.0 (Windows NT 10.0; Win64; x64) AppleWebKit/537.36 (KHTML, like Gecko) Chrome/131.0.0.0 Safari/537.36 Edg/131.0.0.0'),
('::1','2024-12-19 12:48:45','Mozilla/5.0 (Windows NT 10.0; Win64; x64) AppleWebKit/537.36 (KHTML, like Gecko) Chrome/131.0.0.0 Safari/537.36 Edg/131.0.0.0'),
('::1','2024-12-19 12:48:47','Mozilla/5.0 (Windows NT 10.0; Win64; x64) AppleWebKit/537.36 (KHTML, like Gecko) Chrome/131.0.0.0 Safari/537.36 Edg/131.0.0.0'),
('::1','2024-12-19 12:48:47','Mozilla/5.0 (Windows NT 10.0; Win64; x64) AppleWebKit/537.36 (KHTML, like Gecko) Chrome/131.0.0.0 Safari/537.36 Edg/131.0.0.0'),
('::1','2024-12-19 12:49:46','Mozilla/5.0 (Windows NT 10.0; Win64; x64) AppleWebKit/537.36 (KHTML, like Gecko) Chrome/131.0.0.0 Safari/537.36 Edg/131.0.0.0'),
('::1','2024-12-19 12:49:55','Mozilla/5.0 (Windows NT 10.0; Win64; x64) AppleWebKit/537.36 (KHTML, like Gecko) Chrome/131.0.0.0 Safari/537.36 Edg/131.0.0.0'),
('::1','2024-12-19 12:50:24','Mozilla/5.0 (Windows NT 10.0; Win64; x64) AppleWebKit/537.36 (KHTML, like Gecko) Chrome/131.0.0.0 Safari/537.36 Edg/131.0.0.0'),
('::1','2024-12-19 12:50:24','Mozilla/5.0 (Windows NT 10.0; Win64; x64) AppleWebKit/537.36 (KHTML, like Gecko) Chrome/131.0.0.0 Safari/537.36 Edg/131.0.0.0'),
('::1','2024-12-19 12:50:59','Mozilla/5.0 (Windows NT 10.0; Win64; x64) AppleWebKit/537.36 (KHTML, like Gecko) Chrome/131.0.0.0 Safari/537.36 Edg/131.0.0.0'),
('::1','2024-12-19 12:50:59','Mozilla/5.0 (Windows NT 10.0; Win64; x64) AppleWebKit/537.36 (KHTML, like Gecko) Chrome/131.0.0.0 Safari/537.36 Edg/131.0.0.0'),
('::1','2024-12-19 12:51:06','Mozilla/5.0 (Windows NT 10.0; Win64; x64) AppleWebKit/537.36 (KHTML, like Gecko) Chrome/131.0.0.0 Safari/537.36 Edg/131.0.0.0'),
('::1','2024-12-19 12:51:06','Mozilla/5.0 (Windows NT 10.0; Win64; x64) AppleWebKit/537.36 (KHTML, like Gecko) Chrome/131.0.0.0 Safari/537.36 Edg/131.0.0.0'),
('::1','2024-12-19 12:51:10','Mozilla/5.0 (Windows NT 10.0; Win64; x64) AppleWebKit/537.36 (KHTML, like Gecko) Chrome/131.0.0.0 Safari/537.36 Edg/131.0.0.0'),
('::1','2024-12-19 12:51:10','Mozilla/5.0 (Windows NT 10.0; Win64; x64) AppleWebKit/537.36 (KHTML, like Gecko) Chrome/131.0.0.0 Safari/537.36 Edg/131.0.0.0'),
('::1','2024-12-19 12:54:44','Mozilla/5.0 (Windows NT 10.0; Win64; x64) AppleWebKit/537.36 (KHTML, like Gecko) Chrome/131.0.0.0 Safari/537.36 Edg/131.0.0.0'),
('::1','2024-12-19 12:54:44','Mozilla/5.0 (Windows NT 10.0; Win64; x64) AppleWebKit/537.36 (KHTML, like Gecko) Chrome/131.0.0.0 Safari/537.36 Edg/131.0.0.0'),
('::1','2024-12-19 12:54:46','Mozilla/5.0 (Windows NT 10.0; Win64; x64) AppleWebKit/537.36 (KHTML, like Gecko) Chrome/131.0.0.0 Safari/537.36 Edg/131.0.0.0'),
('::1','2024-12-19 12:54:46','Mozilla/5.0 (Windows NT 10.0; Win64; x64) AppleWebKit/537.36 (KHTML, like Gecko) Chrome/131.0.0.0 Safari/537.36 Edg/131.0.0.0'),
('::1','2024-12-19 13:03:02','Mozilla/5.0 (Windows NT 10.0; Win64; x64) AppleWebKit/537.36 (KHTML, like Gecko) Chrome/131.0.0.0 Safari/537.36 Edg/131.0.0.0'),
('::1','2024-12-19 13:03:02','Mozilla/5.0 (Windows NT 10.0; Win64; x64) AppleWebKit/537.36 (KHTML, like Gecko) Chrome/131.0.0.0 Safari/537.36 Edg/131.0.0.0'),
('::1','2024-12-19 13:07:27','Mozilla/5.0 (Windows NT 10.0; Win64; x64) AppleWebKit/537.36 (KHTML, like Gecko) Chrome/131.0.0.0 Safari/537.36 Edg/131.0.0.0'),
('::1','2024-12-19 13:07:27','Mozilla/5.0 (Windows NT 10.0; Win64; x64) AppleWebKit/537.36 (KHTML, like Gecko) Chrome/131.0.0.0 Safari/537.36 Edg/131.0.0.0'),
('::1','2024-12-19 13:07:35','Mozilla/5.0 (Windows NT 10.0; Win64; x64) AppleWebKit/537.36 (KHTML, like Gecko) Chrome/131.0.0.0 Safari/537.36 Edg/131.0.0.0'),
('::1','2024-12-19 13:07:35','Mozilla/5.0 (Windows NT 10.0; Win64; x64) AppleWebKit/537.36 (KHTML, like Gecko) Chrome/131.0.0.0 Safari/537.36 Edg/131.0.0.0'),
('::1','2025-01-08 15:27:34','Mozilla/5.0 (Windows NT 10.0; Win64; x64) AppleWebKit/537.36 (KHTML, like Gecko) Chrome/131.0.0.0 Safari/537.36 Edg/131.0.0.0'),
('::1','2025-01-08 15:39:59','Mozilla/5.0 (Windows NT 10.0; Win64; x64) AppleWebKit/537.36 (KHTML, like Gecko) Chrome/131.0.0.0 Safari/537.36 Edg/131.0.0.0'),
('::1','2025-01-08 15:41:43','Mozilla/5.0 (Windows NT 10.0; Win64; x64) AppleWebKit/537.36 (KHTML, like Gecko) Chrome/131.0.0.0 Safari/537.36 Edg/131.0.0.0'),
('::1','2025-01-08 15:41:56','Mozilla/5.0 (Windows NT 10.0; Win64; x64) AppleWebKit/537.36 (KHTML, like Gecko) Chrome/131.0.0.0 Safari/537.36 Edg/131.0.0.0'),
('::1','2025-01-08 15:42:00','Mozilla/5.0 (Windows NT 10.0; Win64; x64) AppleWebKit/537.36 (KHTML, like Gecko) Chrome/131.0.0.0 Safari/537.36 Edg/131.0.0.0'),
('::1','2025-01-08 15:42:14','Mozilla/5.0 (Windows NT 10.0; Win64; x64) AppleWebKit/537.36 (KHTML, like Gecko) Chrome/131.0.0.0 Safari/537.36 Edg/131.0.0.0'),
('::1','2025-01-08 15:42:40','Mozilla/5.0 (Windows NT 10.0; Win64; x64) AppleWebKit/537.36 (KHTML, like Gecko) Chrome/131.0.0.0 Safari/537.36 Edg/131.0.0.0'),
('::1','2025-01-08 15:42:50','Mozilla/5.0 (Windows NT 10.0; Win64; x64) AppleWebKit/537.36 (KHTML, like Gecko) Chrome/131.0.0.0 Safari/537.36 Edg/131.0.0.0'),
('::1','2025-01-08 15:42:52','Mozilla/5.0 (Windows NT 10.0; Win64; x64) AppleWebKit/537.36 (KHTML, like Gecko) Chrome/131.0.0.0 Safari/537.36 Edg/131.0.0.0'),
('::1','2025-01-08 15:42:52','Mozilla/5.0 (Windows NT 10.0; Win64; x64) AppleWebKit/537.36 (KHTML, like Gecko) Chrome/131.0.0.0 Safari/537.36 Edg/131.0.0.0'),
('::1','2025-01-08 15:42:59','Mozilla/5.0 (Windows NT 10.0; Win64; x64) AppleWebKit/537.36 (KHTML, like Gecko) Chrome/131.0.0.0 Safari/537.36 Edg/131.0.0.0'),
('::1','2025-01-08 15:42:59','Mozilla/5.0 (Windows NT 10.0; Win64; x64) AppleWebKit/537.36 (KHTML, like Gecko) Chrome/131.0.0.0 Safari/537.36 Edg/131.0.0.0'),
('::1','2025-01-08 15:43:01','Mozilla/5.0 (Windows NT 10.0; Win64; x64) AppleWebKit/537.36 (KHTML, like Gecko) Chrome/131.0.0.0 Safari/537.36 Edg/131.0.0.0'),
('::1','2025-01-08 15:43:01','Mozilla/5.0 (Windows NT 10.0; Win64; x64) AppleWebKit/537.36 (KHTML, like Gecko) Chrome/131.0.0.0 Safari/537.36 Edg/131.0.0.0'),
('::1','2025-01-08 15:43:07','Mozilla/5.0 (Windows NT 10.0; Win64; x64) AppleWebKit/537.36 (KHTML, like Gecko) Chrome/131.0.0.0 Safari/537.36 Edg/131.0.0.0'),
('::1','2025-01-08 15:43:22','Mozilla/5.0 (Windows NT 10.0; Win64; x64) AppleWebKit/537.36 (KHTML, like Gecko) Chrome/131.0.0.0 Safari/537.36'),
('::1','2025-01-08 15:43:22','Mozilla/5.0 (Windows NT 10.0; Win64; x64) AppleWebKit/537.36 (KHTML, like Gecko) Chrome/131.0.0.0 Safari/537.36'),
('::1','2025-01-08 15:45:31','Mozilla/5.0 (Windows NT 10.0; Win64; x64) AppleWebKit/537.36 (KHTML, like Gecko) Chrome/131.0.0.0 Safari/537.36'),
('::1','2025-01-08 15:45:32','Mozilla/5.0 (Windows NT 10.0; Win64; x64) AppleWebKit/537.36 (KHTML, like Gecko) Chrome/131.0.0.0 Safari/537.36'),
('::1','2025-01-08 15:46:26','Mozilla/5.0 (Windows NT 10.0; Win64; x64) AppleWebKit/537.36 (KHTML, like Gecko) Chrome/131.0.0.0 Safari/537.36'),
('::1','2025-01-08 15:46:26','Mozilla/5.0 (Windows NT 10.0; Win64; x64) AppleWebKit/537.36 (KHTML, like Gecko) Chrome/131.0.0.0 Safari/537.36'),
('::1','2025-01-08 17:32:55','Mozilla/5.0 (Windows NT 10.0; Win64; x64) AppleWebKit/537.36 (KHTML, like Gecko) Chrome/131.0.0.0 Safari/537.36 Edg/131.0.0.0'),
('::1','2025-01-08 17:34:43','Mozilla/5.0 (Windows NT 10.0; Win64; x64) AppleWebKit/537.36 (KHTML, like Gecko) Chrome/131.0.0.0 Safari/537.36 Edg/131.0.0.0'),
('::1','2025-01-08 17:35:12','Mozilla/5.0 (Windows NT 10.0; Win64; x64) AppleWebKit/537.36 (KHTML, like Gecko) Chrome/131.0.0.0 Safari/537.36 Edg/131.0.0.0'),
('::1','2025-01-08 17:35:30','Mozilla/5.0 (Windows NT 10.0; Win64; x64) AppleWebKit/537.36 (KHTML, like Gecko) Chrome/131.0.0.0 Safari/537.36 Edg/131.0.0.0'),
('::1','2025-01-08 17:35:45','Mozilla/5.0 (Windows NT 10.0; Win64; x64) AppleWebKit/537.36 (KHTML, like Gecko) Chrome/131.0.0.0 Safari/537.36 Edg/131.0.0.0'),
('::1','2025-01-08 17:35:45','Mozilla/5.0 (Windows NT 10.0; Win64; x64) AppleWebKit/537.36 (KHTML, like Gecko) Chrome/131.0.0.0 Safari/537.36 Edg/131.0.0.0'),
('::1','2025-01-08 17:38:19','Mozilla/5.0 (Windows NT 10.0; Win64; x64) AppleWebKit/537.36 (KHTML, like Gecko) Chrome/131.0.0.0 Safari/537.36 Edg/131.0.0.0'),
('::1','2025-01-08 17:38:21','Mozilla/5.0 (Windows NT 10.0; Win64; x64) AppleWebKit/537.36 (KHTML, like Gecko) Chrome/131.0.0.0 Safari/537.36 Edg/131.0.0.0'),
('::1','2025-01-08 17:43:39','Mozilla/5.0 (Windows NT 10.0; Win64; x64) AppleWebKit/537.36 (KHTML, like Gecko) Chrome/131.0.0.0 Safari/537.36 Edg/131.0.0.0'),
('::1','2025-01-08 17:43:56','Mozilla/5.0 (Windows NT 10.0; Win64; x64) AppleWebKit/537.36 (KHTML, like Gecko) Chrome/131.0.0.0 Safari/537.36 Edg/131.0.0.0'),
('::1','2025-01-08 17:43:56','Mozilla/5.0 (Windows NT 10.0; Win64; x64) AppleWebKit/537.36 (KHTML, like Gecko) Chrome/131.0.0.0 Safari/537.36 Edg/131.0.0.0'),
('::1','2025-01-08 18:03:34','Mozilla/5.0 (Windows NT 10.0; Win64; x64) AppleWebKit/537.36 (KHTML, like Gecko) Chrome/131.0.0.0 Safari/537.36 Edg/131.0.0.0'),
('::1','2025-01-08 18:05:27','Mozilla/5.0 (Windows NT 10.0; Win64; x64) AppleWebKit/537.36 (KHTML, like Gecko) Chrome/131.0.0.0 Safari/537.36'),
('::1','2025-01-08 18:05:27','Mozilla/5.0 (Windows NT 10.0; Win64; x64) AppleWebKit/537.36 (KHTML, like Gecko) Chrome/131.0.0.0 Safari/537.36'),
('::1','2025-01-08 18:21:51','Mozilla/5.0 (Windows NT 10.0; Win64; x64) AppleWebKit/537.36 (KHTML, like Gecko) Chrome/131.0.0.0 Safari/537.36 Edg/131.0.0.0'),
('::1','2025-01-08 18:21:51','Mozilla/5.0 (Windows NT 10.0; Win64; x64) AppleWebKit/537.36 (KHTML, like Gecko) Chrome/131.0.0.0 Safari/537.36 Edg/131.0.0.0'),
('::1','2025-01-08 18:22:36','Mozilla/5.0 (Windows NT 10.0; Win64; x64) AppleWebKit/537.36 (KHTML, like Gecko) Chrome/131.0.0.0 Safari/537.36 Edg/131.0.0.0'),
('::1','2025-01-08 18:37:53','Mozilla/5.0 (Windows NT 10.0; Win64; x64) AppleWebKit/537.36 (KHTML, like Gecko) Chrome/131.0.0.0 Safari/537.36 Edg/131.0.0.0'),
('::1','2025-01-08 18:37:58','Mozilla/5.0 (Windows NT 10.0; Win64; x64) AppleWebKit/537.36 (KHTML, like Gecko) Chrome/131.0.0.0 Safari/537.36 Edg/131.0.0.0'),
('::1','2025-01-08 18:38:01','Mozilla/5.0 (Windows NT 10.0; Win64; x64) AppleWebKit/537.36 (KHTML, like Gecko) Chrome/131.0.0.0 Safari/537.36 Edg/131.0.0.0'),
('::1','2025-01-08 18:40:59','Mozilla/5.0 (Windows NT 10.0; Win64; x64) AppleWebKit/537.36 (KHTML, like Gecko) Chrome/131.0.0.0 Safari/537.36 Edg/131.0.0.0'),
('::1','2025-01-08 18:41:00','Mozilla/5.0 (Windows NT 10.0; Win64; x64) AppleWebKit/537.36 (KHTML, like Gecko) Chrome/131.0.0.0 Safari/537.36 Edg/131.0.0.0'),
('::1','2025-01-08 18:41:11','Mozilla/5.0 (Windows NT 10.0; Win64; x64) AppleWebKit/537.36 (KHTML, like Gecko) Chrome/131.0.0.0 Safari/537.36 Edg/131.0.0.0'),
('::1','2025-01-08 18:41:11','Mozilla/5.0 (Windows NT 10.0; Win64; x64) AppleWebKit/537.36 (KHTML, like Gecko) Chrome/131.0.0.0 Safari/537.36 Edg/131.0.0.0'),
('::1','2025-01-08 18:41:55','Mozilla/5.0 (Windows NT 10.0; Win64; x64) AppleWebKit/537.36 (KHTML, like Gecko) Chrome/131.0.0.0 Safari/537.36 Edg/131.0.0.0'),
('::1','2025-01-08 18:44:24','Mozilla/5.0 (Windows NT 10.0; Win64; x64) AppleWebKit/537.36 (KHTML, like Gecko) Chrome/131.0.0.0 Safari/537.36 Edg/131.0.0.0'),
('::1','2025-01-08 18:44:33','Mozilla/5.0 (Windows NT 10.0; Win64; x64) AppleWebKit/537.36 (KHTML, like Gecko) Chrome/131.0.0.0 Safari/537.36 Edg/131.0.0.0'),
('::1','2025-01-08 18:44:36','Mozilla/5.0 (Windows NT 10.0; Win64; x64) AppleWebKit/537.36 (KHTML, like Gecko) Chrome/131.0.0.0 Safari/537.36 Edg/131.0.0.0'),
('::1','2025-01-08 19:33:04','Mozilla/5.0 (Windows NT 10.0; Win64; x64) AppleWebKit/537.36 (KHTML, like Gecko) Chrome/131.0.0.0 Safari/537.36 Edg/131.0.0.0'),
('::1','2025-01-08 19:33:05','Mozilla/5.0 (Windows NT 10.0; Win64; x64) AppleWebKit/537.36 (KHTML, like Gecko) Chrome/131.0.0.0 Safari/537.36 Edg/131.0.0.0'),
('::1','2025-01-08 19:33:05','Mozilla/5.0 (Windows NT 10.0; Win64; x64) AppleWebKit/537.36 (KHTML, like Gecko) Chrome/131.0.0.0 Safari/537.36 Edg/131.0.0.0'),
('::1','2025-01-08 19:33:13','Mozilla/5.0 (Windows NT 10.0; Win64; x64) AppleWebKit/537.36 (KHTML, like Gecko) Chrome/131.0.0.0 Safari/537.36 Edg/131.0.0.0'),
('::1','2025-01-08 19:33:13','Mozilla/5.0 (Windows NT 10.0; Win64; x64) AppleWebKit/537.36 (KHTML, like Gecko) Chrome/131.0.0.0 Safari/537.36 Edg/131.0.0.0'),
('::1','2025-01-08 19:33:26','Mozilla/5.0 (Windows NT 10.0; Win64; x64) AppleWebKit/537.36 (KHTML, like Gecko) Chrome/131.0.0.0 Safari/537.36 Edg/131.0.0.0'),
('::1','2025-01-08 19:34:11','Mozilla/5.0 (Windows NT 10.0; Win64; x64) AppleWebKit/537.36 (KHTML, like Gecko) Chrome/131.0.0.0 Safari/537.36 Edg/131.0.0.0'),
('::1','2025-01-09 09:55:14','Mozilla/5.0 (Windows NT 10.0; Win64; x64) AppleWebKit/537.36 (KHTML, like Gecko) Chrome/131.0.0.0 Safari/537.36 Edg/131.0.0.0'),
('::1','2025-01-09 09:55:18','Mozilla/5.0 (Windows NT 10.0; Win64; x64) AppleWebKit/537.36 (KHTML, like Gecko) Chrome/131.0.0.0 Safari/537.36 Edg/131.0.0.0'),
('::1','2025-01-09 09:55:20','Mozilla/5.0 (Windows NT 10.0; Win64; x64) AppleWebKit/537.36 (KHTML, like Gecko) Chrome/131.0.0.0 Safari/537.36 Edg/131.0.0.0'),
('::1','2025-01-09 09:55:25','Mozilla/5.0 (Windows NT 10.0; Win64; x64) AppleWebKit/537.36 (KHTML, like Gecko) Chrome/131.0.0.0 Safari/537.36 Edg/131.0.0.0'),
('::1','2025-01-09 09:55:27','Mozilla/5.0 (Windows NT 10.0; Win64; x64) AppleWebKit/537.36 (KHTML, like Gecko) Chrome/131.0.0.0 Safari/537.36 Edg/131.0.0.0'),
('::1','2025-01-09 12:25:04','Mozilla/5.0 (Windows NT 10.0; Win64; x64) AppleWebKit/537.36 (KHTML, like Gecko) Chrome/131.0.0.0 Safari/537.36 Edg/131.0.0.0'),
('::1','2025-01-09 12:25:07','Mozilla/5.0 (Windows NT 10.0; Win64; x64) AppleWebKit/537.36 (KHTML, like Gecko) Chrome/131.0.0.0 Safari/537.36 Edg/131.0.0.0'),
('::1','2025-01-09 12:25:07','Mozilla/5.0 (Windows NT 10.0; Win64; x64) AppleWebKit/537.36 (KHTML, like Gecko) Chrome/131.0.0.0 Safari/537.36 Edg/131.0.0.0'),
('::1','2025-01-09 12:26:19','Mozilla/5.0 (Windows NT 10.0; Win64; x64) AppleWebKit/537.36 (KHTML, like Gecko) Chrome/131.0.0.0 Safari/537.36 Edg/131.0.0.0'),
('::1','2025-01-09 12:26:19','Mozilla/5.0 (Windows NT 10.0; Win64; x64) AppleWebKit/537.36 (KHTML, like Gecko) Chrome/131.0.0.0 Safari/537.36 Edg/131.0.0.0'),
('::1','2025-01-09 12:33:08','Mozilla/5.0 (Windows NT 10.0; Win64; x64) AppleWebKit/537.36 (KHTML, like Gecko) Chrome/131.0.0.0 Safari/537.36 Edg/131.0.0.0'),
('::1','2025-01-09 12:33:09','Mozilla/5.0 (Windows NT 10.0; Win64; x64) AppleWebKit/537.36 (KHTML, like Gecko) Chrome/131.0.0.0 Safari/537.36 Edg/131.0.0.0'),
('::1','2025-01-09 12:33:17','Mozilla/5.0 (Windows NT 10.0; Win64; x64) AppleWebKit/537.36 (KHTML, like Gecko) Chrome/131.0.0.0 Safari/537.36 Edg/131.0.0.0'),
('::1','2025-01-09 12:33:17','Mozilla/5.0 (Windows NT 10.0; Win64; x64) AppleWebKit/537.36 (KHTML, like Gecko) Chrome/131.0.0.0 Safari/537.36 Edg/131.0.0.0'),
('::1','2025-01-09 12:50:00','Mozilla/5.0 (Windows NT 10.0; Win64; x64) AppleWebKit/537.36 (KHTML, like Gecko) Chrome/131.0.0.0 Safari/537.36 Edg/131.0.0.0'),
('::1','2025-01-09 12:50:01','Mozilla/5.0 (Windows NT 10.0; Win64; x64) AppleWebKit/537.36 (KHTML, like Gecko) Chrome/131.0.0.0 Safari/537.36 Edg/131.0.0.0'),
('::1','2025-01-09 12:50:19','Mozilla/5.0 (Windows NT 10.0; Win64; x64) AppleWebKit/537.36 (KHTML, like Gecko) Chrome/131.0.0.0 Safari/537.36 Edg/131.0.0.0'),
('::1','2025-01-09 12:50:19','Mozilla/5.0 (Windows NT 10.0; Win64; x64) AppleWebKit/537.36 (KHTML, like Gecko) Chrome/131.0.0.0 Safari/537.36 Edg/131.0.0.0'),
('::1','2025-01-09 12:50:30','Mozilla/5.0 (Windows NT 10.0; Win64; x64) AppleWebKit/537.36 (KHTML, like Gecko) Chrome/131.0.0.0 Safari/537.36 Edg/131.0.0.0'),
('::1','2025-01-09 12:53:56','Mozilla/5.0 (Windows NT 10.0; Win64; x64) AppleWebKit/537.36 (KHTML, like Gecko) Chrome/131.0.0.0 Safari/537.36 Edg/131.0.0.0'),
('::1','2025-01-09 12:53:58','Mozilla/5.0 (Windows NT 10.0; Win64; x64) AppleWebKit/537.36 (KHTML, like Gecko) Chrome/131.0.0.0 Safari/537.36 Edg/131.0.0.0'),
('::1','2025-01-09 12:53:59','Mozilla/5.0 (Windows NT 10.0; Win64; x64) AppleWebKit/537.36 (KHTML, like Gecko) Chrome/131.0.0.0 Safari/537.36 Edg/131.0.0.0'),
('::1','2025-01-09 13:00:00','Mozilla/5.0 (Windows NT 10.0; Win64; x64) AppleWebKit/537.36 (KHTML, like Gecko) Chrome/131.0.0.0 Safari/537.36 Edg/131.0.0.0'),
('::1','2025-01-09 13:00:00','Mozilla/5.0 (Windows NT 10.0; Win64; x64) AppleWebKit/537.36 (KHTML, like Gecko) Chrome/131.0.0.0 Safari/537.36 Edg/131.0.0.0'),
('::1','2025-01-09 13:00:20','Mozilla/5.0 (Windows NT 10.0; Win64; x64) AppleWebKit/537.36 (KHTML, like Gecko) Chrome/131.0.0.0 Safari/537.36 Edg/131.0.0.0'),
('::1','2025-01-09 13:00:20','Mozilla/5.0 (Windows NT 10.0; Win64; x64) AppleWebKit/537.36 (KHTML, like Gecko) Chrome/131.0.0.0 Safari/537.36 Edg/131.0.0.0'),
('::1','2025-01-09 13:00:24','Mozilla/5.0 (Windows NT 10.0; Win64; x64) AppleWebKit/537.36 (KHTML, like Gecko) Chrome/131.0.0.0 Safari/537.36 Edg/131.0.0.0'),
('::1','2025-01-09 13:00:24','Mozilla/5.0 (Windows NT 10.0; Win64; x64) AppleWebKit/537.36 (KHTML, like Gecko) Chrome/131.0.0.0 Safari/537.36 Edg/131.0.0.0'),
('::1','2025-01-09 13:03:09','Mozilla/5.0 (Windows NT 10.0; Win64; x64) AppleWebKit/537.36 (KHTML, like Gecko) Chrome/131.0.0.0 Safari/537.36 Edg/131.0.0.0'),
('::1','2025-01-09 13:03:09','Mozilla/5.0 (Windows NT 10.0; Win64; x64) AppleWebKit/537.36 (KHTML, like Gecko) Chrome/131.0.0.0 Safari/537.36 Edg/131.0.0.0'),
('::1','2025-01-09 13:48:18','Mozilla/5.0 (Windows NT 10.0; Win64; x64) AppleWebKit/537.36 (KHTML, like Gecko) Chrome/131.0.0.0 Safari/537.36 Edg/131.0.0.0'),
('::1','2025-01-09 13:49:43','Mozilla/5.0 (Windows NT 10.0; Win64; x64) AppleWebKit/537.36 (KHTML, like Gecko) Chrome/131.0.0.0 Safari/537.36 Edg/131.0.0.0'),
('::1','2025-01-09 13:50:11','Mozilla/5.0 (Windows NT 10.0; Win64; x64) AppleWebKit/537.36 (KHTML, like Gecko) Chrome/131.0.0.0 Safari/537.36 Edg/131.0.0.0'),
('::1','2025-01-09 13:56:33','Mozilla/5.0 (Windows NT 10.0; Win64; x64) AppleWebKit/537.36 (KHTML, like Gecko) Chrome/131.0.0.0 Safari/537.36 Edg/131.0.0.0'),
('::1','2025-01-09 13:57:24','Mozilla/5.0 (Windows NT 10.0; Win64; x64) AppleWebKit/537.36 (KHTML, like Gecko) Chrome/131.0.0.0 Safari/537.36 Edg/131.0.0.0'),
('::1','2025-01-09 14:00:25','Mozilla/5.0 (Windows NT 10.0; Win64; x64) AppleWebKit/537.36 (KHTML, like Gecko) Chrome/131.0.0.0 Safari/537.36 Edg/131.0.0.0'),
('::1','2025-01-09 14:01:59','Mozilla/5.0 (Windows NT 10.0; Win64; x64) AppleWebKit/537.36 (KHTML, like Gecko) Chrome/131.0.0.0 Safari/537.36 Edg/131.0.0.0'),
('::1','2025-01-09 14:02:05','Mozilla/5.0 (Windows NT 10.0; Win64; x64) AppleWebKit/537.36 (KHTML, like Gecko) Chrome/131.0.0.0 Safari/537.36 Edg/131.0.0.0'),
('::1','2025-01-09 14:09:54','Mozilla/5.0 (Windows NT 10.0; Win64; x64) AppleWebKit/537.36 (KHTML, like Gecko) Chrome/131.0.0.0 Safari/537.36 Edg/131.0.0.0'),
('::1','2025-01-09 14:09:57','Mozilla/5.0 (Windows NT 10.0; Win64; x64) AppleWebKit/537.36 (KHTML, like Gecko) Chrome/131.0.0.0 Safari/537.36 Edg/131.0.0.0'),
('::1','2025-01-09 14:10:25','Mozilla/5.0 (Windows NT 10.0; Win64; x64) AppleWebKit/537.36 (KHTML, like Gecko) Chrome/131.0.0.0 Safari/537.36 Edg/131.0.0.0'),
('::1','2025-01-09 14:10:26','Mozilla/5.0 (Windows NT 10.0; Win64; x64) AppleWebKit/537.36 (KHTML, like Gecko) Chrome/131.0.0.0 Safari/537.36 Edg/131.0.0.0'),
('::1','2025-01-09 14:10:41','Mozilla/5.0 (Windows NT 10.0; Win64; x64) AppleWebKit/537.36 (KHTML, like Gecko) Chrome/131.0.0.0 Safari/537.36 Edg/131.0.0.0'),
('::1','2025-01-09 14:20:41','Mozilla/5.0 (Windows NT 10.0; Win64; x64) AppleWebKit/537.36 (KHTML, like Gecko) Chrome/131.0.0.0 Safari/537.36 Edg/131.0.0.0'),
('::1','2025-01-09 14:28:02','Mozilla/5.0 (Windows NT 10.0; Win64; x64) AppleWebKit/537.36 (KHTML, like Gecko) Chrome/131.0.0.0 Safari/537.36 Edg/131.0.0.0'),
('::1','2025-01-09 14:28:15','Mozilla/5.0 (Windows NT 10.0; Win64; x64) AppleWebKit/537.36 (KHTML, like Gecko) Chrome/131.0.0.0 Safari/537.36 Edg/131.0.0.0'),
('::1','2025-01-09 14:40:07','Mozilla/5.0 (Windows NT 10.0; Win64; x64) AppleWebKit/537.36 (KHTML, like Gecko) Chrome/131.0.0.0 Safari/537.36 Edg/131.0.0.0'),
('::1','2025-01-09 14:57:51','Mozilla/5.0 (Windows NT 10.0; Win64; x64) AppleWebKit/537.36 (KHTML, like Gecko) Chrome/131.0.0.0 Safari/537.36 Edg/131.0.0.0'),
('::1','2025-01-09 15:05:49','Mozilla/5.0 (Windows NT 10.0; Win64; x64) AppleWebKit/537.36 (KHTML, like Gecko) Chrome/131.0.0.0 Safari/537.36 Edg/131.0.0.0'),
('::1','2025-01-09 15:05:53','Mozilla/5.0 (Windows NT 10.0; Win64; x64) AppleWebKit/537.36 (KHTML, like Gecko) Chrome/131.0.0.0 Safari/537.36 Edg/131.0.0.0'),
('::1','2025-01-09 15:05:55','Mozilla/5.0 (Windows NT 10.0; Win64; x64) AppleWebKit/537.36 (KHTML, like Gecko) Chrome/131.0.0.0 Safari/537.36 Edg/131.0.0.0'),
('::1','2025-01-09 15:05:55','Mozilla/5.0 (Windows NT 10.0; Win64; x64) AppleWebKit/537.36 (KHTML, like Gecko) Chrome/131.0.0.0 Safari/537.36 Edg/131.0.0.0'),
('::1','2025-01-09 15:06:31','Mozilla/5.0 (Windows NT 10.0; Win64; x64) AppleWebKit/537.36 (KHTML, like Gecko) Chrome/131.0.0.0 Safari/537.36 Edg/131.0.0.0'),
('::1','2025-01-09 15:06:31','Mozilla/5.0 (Windows NT 10.0; Win64; x64) AppleWebKit/537.36 (KHTML, like Gecko) Chrome/131.0.0.0 Safari/537.36 Edg/131.0.0.0'),
('::1','2025-01-09 15:06:38','Mozilla/5.0 (Windows NT 10.0; Win64; x64) AppleWebKit/537.36 (KHTML, like Gecko) Chrome/131.0.0.0 Safari/537.36 Edg/131.0.0.0'),
('::1','2025-01-10 06:29:52','Mozilla/5.0 (Windows NT 10.0; Win64; x64) AppleWebKit/537.36 (KHTML, like Gecko) Chrome/131.0.0.0 Safari/537.36 Edg/131.0.0.0'),
('::1','2025-01-10 06:29:55','Mozilla/5.0 (Windows NT 10.0; Win64; x64) AppleWebKit/537.36 (KHTML, like Gecko) Chrome/131.0.0.0 Safari/537.36 Edg/131.0.0.0'),
('::1','2025-01-10 06:29:55','Mozilla/5.0 (Windows NT 10.0; Win64; x64) AppleWebKit/537.36 (KHTML, like Gecko) Chrome/131.0.0.0 Safari/537.36 Edg/131.0.0.0'),
('::1','2025-01-10 06:30:09','Mozilla/5.0 (Windows NT 10.0; Win64; x64) AppleWebKit/537.36 (KHTML, like Gecko) Chrome/131.0.0.0 Safari/537.36 Edg/131.0.0.0'),
('::1','2025-01-10 06:30:09','Mozilla/5.0 (Windows NT 10.0; Win64; x64) AppleWebKit/537.36 (KHTML, like Gecko) Chrome/131.0.0.0 Safari/537.36 Edg/131.0.0.0'),
('::1','2025-01-10 06:30:21','Mozilla/5.0 (Windows NT 10.0; Win64; x64) AppleWebKit/537.36 (KHTML, like Gecko) Chrome/131.0.0.0 Safari/537.36 Edg/131.0.0.0'),
('::1','2025-01-10 06:30:43','Mozilla/5.0 (Windows NT 10.0; Win64; x64) AppleWebKit/537.36 (KHTML, like Gecko) Chrome/131.0.0.0 Safari/537.36 Edg/131.0.0.0'),
('::1','2025-01-10 06:31:06','Mozilla/5.0 (Windows NT 10.0; Win64; x64) AppleWebKit/537.36 (KHTML, like Gecko) Chrome/131.0.0.0 Safari/537.36 Edg/131.0.0.0'),
('::1','2025-01-10 06:31:34','Mozilla/5.0 (Windows NT 10.0; Win64; x64) AppleWebKit/537.36 (KHTML, like Gecko) Chrome/131.0.0.0 Safari/537.36 Edg/131.0.0.0'),
('::1','2025-01-10 06:31:54','Mozilla/5.0 (Windows NT 10.0; Win64; x64) AppleWebKit/537.36 (KHTML, like Gecko) Chrome/131.0.0.0 Safari/537.36 Edg/131.0.0.0'),
('::1','2025-01-10 06:31:59','Mozilla/5.0 (Windows NT 10.0; Win64; x64) AppleWebKit/537.36 (KHTML, like Gecko) Chrome/131.0.0.0 Safari/537.36 Edg/131.0.0.0'),
('::1','2025-01-10 06:32:09','Mozilla/5.0 (Windows NT 10.0; Win64; x64) AppleWebKit/537.36 (KHTML, like Gecko) Chrome/131.0.0.0 Safari/537.36 Edg/131.0.0.0'),
('::1','2025-01-10 06:32:56','Mozilla/5.0 (Windows NT 10.0; Win64; x64) AppleWebKit/537.36 (KHTML, like Gecko) Chrome/131.0.0.0 Safari/537.36 Edg/131.0.0.0'),
('::1','2025-01-10 06:33:00','Mozilla/5.0 (Windows NT 10.0; Win64; x64) AppleWebKit/537.36 (KHTML, like Gecko) Chrome/131.0.0.0 Safari/537.36 Edg/131.0.0.0'),
('::1','2025-01-10 06:33:13','Mozilla/5.0 (Windows NT 10.0; Win64; x64) AppleWebKit/537.36 (KHTML, like Gecko) Chrome/131.0.0.0 Safari/537.36 Edg/131.0.0.0'),
('::1','2025-01-10 06:33:34','Mozilla/5.0 (Windows NT 10.0; Win64; x64) AppleWebKit/537.36 (KHTML, like Gecko) Chrome/131.0.0.0 Safari/537.36 Edg/131.0.0.0'),
('::1','2025-01-10 06:33:39','Mozilla/5.0 (Windows NT 10.0; Win64; x64) AppleWebKit/537.36 (KHTML, like Gecko) Chrome/131.0.0.0 Safari/537.36 Edg/131.0.0.0'),
('::1','2025-01-10 06:34:00','Mozilla/5.0 (Windows NT 10.0; Win64; x64) AppleWebKit/537.36 (KHTML, like Gecko) Chrome/131.0.0.0 Safari/537.36 Edg/131.0.0.0'),
('::1','2025-01-10 06:34:09','Mozilla/5.0 (Windows NT 10.0; Win64; x64) AppleWebKit/537.36 (KHTML, like Gecko) Chrome/131.0.0.0 Safari/537.36 Edg/131.0.0.0'),
('::1','2025-01-10 06:34:22','Mozilla/5.0 (Windows NT 10.0; Win64; x64) AppleWebKit/537.36 (KHTML, like Gecko) Chrome/131.0.0.0 Safari/537.36 Edg/131.0.0.0'),
('::1','2025-01-10 06:36:52','Mozilla/5.0 (Windows NT 10.0; Win64; x64) AppleWebKit/537.36 (KHTML, like Gecko) Chrome/131.0.0.0 Safari/537.36 Edg/131.0.0.0'),
('::1','2025-01-10 06:37:01','Mozilla/5.0 (Windows NT 10.0; Win64; x64) AppleWebKit/537.36 (KHTML, like Gecko) Chrome/131.0.0.0 Safari/537.36 Edg/131.0.0.0'),
('::1','2025-01-10 06:38:35','Mozilla/5.0 (Windows NT 10.0; Win64; x64) AppleWebKit/537.36 (KHTML, like Gecko) Chrome/131.0.0.0 Safari/537.36 Edg/131.0.0.0'),
('::1','2025-01-10 06:38:45','Mozilla/5.0 (Windows NT 10.0; Win64; x64) AppleWebKit/537.36 (KHTML, like Gecko) Chrome/131.0.0.0 Safari/537.36 Edg/131.0.0.0'),
('::1','2025-01-10 06:38:55','Mozilla/5.0 (Windows NT 10.0; Win64; x64) AppleWebKit/537.36 (KHTML, like Gecko) Chrome/131.0.0.0 Safari/537.36 Edg/131.0.0.0'),
('::1','2025-01-10 06:39:37','Mozilla/5.0 (Windows NT 10.0; Win64; x64) AppleWebKit/537.36 (KHTML, like Gecko) Chrome/131.0.0.0 Safari/537.36 Edg/131.0.0.0'),
('::1','2025-01-10 06:40:19','Mozilla/5.0 (Windows NT 10.0; Win64; x64) AppleWebKit/537.36 (KHTML, like Gecko) Chrome/131.0.0.0 Safari/537.36 Edg/131.0.0.0'),
('::1','2025-01-10 06:40:51','Mozilla/5.0 (Windows NT 10.0; Win64; x64) AppleWebKit/537.36 (KHTML, like Gecko) Chrome/131.0.0.0 Safari/537.36 Edg/131.0.0.0'),
('::1','2025-01-10 06:41:00','Mozilla/5.0 (Windows NT 10.0; Win64; x64) AppleWebKit/537.36 (KHTML, like Gecko) Chrome/131.0.0.0 Safari/537.36 Edg/131.0.0.0'),
('::1','2025-01-10 06:41:11','Mozilla/5.0 (Windows NT 10.0; Win64; x64) AppleWebKit/537.36 (KHTML, like Gecko) Chrome/131.0.0.0 Safari/537.36 Edg/131.0.0.0'),
('::1','2025-01-10 06:41:18','Mozilla/5.0 (Windows NT 10.0; Win64; x64) AppleWebKit/537.36 (KHTML, like Gecko) Chrome/131.0.0.0 Safari/537.36 Edg/131.0.0.0'),
('::1','2025-01-10 06:41:27','Mozilla/5.0 (Windows NT 10.0; Win64; x64) AppleWebKit/537.36 (KHTML, like Gecko) Chrome/131.0.0.0 Safari/537.36 Edg/131.0.0.0'),
('::1','2025-01-10 06:54:14','Mozilla/5.0 (Windows NT 10.0; Win64; x64) AppleWebKit/537.36 (KHTML, like Gecko) Chrome/131.0.0.0 Safari/537.36 Edg/131.0.0.0'),
('::1','2025-01-10 06:54:31','Mozilla/5.0 (Windows NT 10.0; Win64; x64) AppleWebKit/537.36 (KHTML, like Gecko) Chrome/131.0.0.0 Safari/537.36 Edg/131.0.0.0'),
('::1','2025-01-10 06:54:34','Mozilla/5.0 (Windows NT 10.0; Win64; x64) AppleWebKit/537.36 (KHTML, like Gecko) Chrome/131.0.0.0 Safari/537.36 Edg/131.0.0.0'),
('::1','2025-01-10 06:54:34','Mozilla/5.0 (Windows NT 10.0; Win64; x64) AppleWebKit/537.36 (KHTML, like Gecko) Chrome/131.0.0.0 Safari/537.36 Edg/131.0.0.0'),
('::1','2025-01-10 06:56:07','Mozilla/5.0 (Windows NT 10.0; Win64; x64) AppleWebKit/537.36 (KHTML, like Gecko) Chrome/131.0.0.0 Safari/537.36 Edg/131.0.0.0'),
('::1','2025-01-10 06:56:07','Mozilla/5.0 (Windows NT 10.0; Win64; x64) AppleWebKit/537.36 (KHTML, like Gecko) Chrome/131.0.0.0 Safari/537.36 Edg/131.0.0.0'),
('::1','2025-01-10 07:00:15','Mozilla/5.0 (Windows NT 10.0; Win64; x64) AppleWebKit/537.36 (KHTML, like Gecko) Chrome/131.0.0.0 Safari/537.36 Edg/131.0.0.0'),
('::1','2025-01-10 08:42:09','Mozilla/5.0 (Windows NT 10.0; Win64; x64) AppleWebKit/537.36 (KHTML, like Gecko) Chrome/131.0.0.0 Safari/537.36 Edg/131.0.0.0'),
('::1','2025-01-10 08:42:09','Mozilla/5.0 (Windows NT 10.0; Win64; x64) AppleWebKit/537.36 (KHTML, like Gecko) Chrome/131.0.0.0 Safari/537.36 Edg/131.0.0.0'),
('::1','2025-01-10 08:42:33','Mozilla/5.0 (Windows NT 10.0; Win64; x64) AppleWebKit/537.36 (KHTML, like Gecko) Chrome/131.0.0.0 Safari/537.36 Edg/131.0.0.0'),
('::1','2025-01-10 08:42:34','Mozilla/5.0 (Windows NT 10.0; Win64; x64) AppleWebKit/537.36 (KHTML, like Gecko) Chrome/131.0.0.0 Safari/537.36 Edg/131.0.0.0'),
('::1','2025-01-10 08:45:10','Mozilla/5.0 (Windows NT 10.0; Win64; x64) AppleWebKit/537.36 (KHTML, like Gecko) Chrome/131.0.0.0 Safari/537.36 Edg/131.0.0.0'),
('::1','2025-01-10 08:55:17','Mozilla/5.0 (Windows NT 10.0; Win64; x64) AppleWebKit/537.36 (KHTML, like Gecko) Chrome/131.0.0.0 Safari/537.36 Edg/131.0.0.0'),
('::1','2025-01-10 09:04:20','Mozilla/5.0 (Windows NT 10.0; Win64; x64) AppleWebKit/537.36 (KHTML, like Gecko) Chrome/131.0.0.0 Safari/537.36 Edg/131.0.0.0'),
('::1','2025-01-10 09:04:31','Mozilla/5.0 (Windows NT 10.0; Win64; x64) AppleWebKit/537.36 (KHTML, like Gecko) Chrome/131.0.0.0 Safari/537.36 Edg/131.0.0.0'),
('::1','2025-01-10 09:11:19','Mozilla/5.0 (Windows NT 10.0; Win64; x64) AppleWebKit/537.36 (KHTML, like Gecko) Chrome/131.0.0.0 Safari/537.36 Edg/131.0.0.0'),
('::1','2025-01-10 09:11:20','Mozilla/5.0 (Windows NT 10.0; Win64; x64) AppleWebKit/537.36 (KHTML, like Gecko) Chrome/131.0.0.0 Safari/537.36 Edg/131.0.0.0'),
('::1','2025-01-10 09:14:00','Mozilla/5.0 (Windows NT 10.0; Win64; x64) AppleWebKit/537.36 (KHTML, like Gecko) Chrome/131.0.0.0 Safari/537.36 Edg/131.0.0.0'),
('::1','2025-01-10 09:14:17','Mozilla/5.0 (Windows NT 10.0; Win64; x64) AppleWebKit/537.36 (KHTML, like Gecko) Chrome/131.0.0.0 Safari/537.36 Edg/131.0.0.0'),
('::1','2025-01-10 09:17:24','Mozilla/5.0 (Windows NT 10.0; Win64; x64) AppleWebKit/537.36 (KHTML, like Gecko) Chrome/131.0.0.0 Safari/537.36 Edg/131.0.0.0'),
('::1','2025-01-10 09:18:31','Mozilla/5.0 (Windows NT 10.0; Win64; x64) AppleWebKit/537.36 (KHTML, like Gecko) Chrome/131.0.0.0 Safari/537.36 Edg/131.0.0.0'),
('::1','2025-01-10 09:18:41','Mozilla/5.0 (Windows NT 10.0; Win64; x64) AppleWebKit/537.36 (KHTML, like Gecko) Chrome/131.0.0.0 Safari/537.36 Edg/131.0.0.0'),
('::1','2025-01-10 09:22:48','Mozilla/5.0 (Windows NT 10.0; Win64; x64) AppleWebKit/537.36 (KHTML, like Gecko) Chrome/131.0.0.0 Safari/537.36 Edg/131.0.0.0'),
('::1','2025-01-10 09:24:09','Mozilla/5.0 (Windows NT 10.0; Win64; x64) AppleWebKit/537.36 (KHTML, like Gecko) Chrome/131.0.0.0 Safari/537.36 Edg/131.0.0.0'),
('::1','2025-01-10 09:24:47','Mozilla/5.0 (Windows NT 10.0; Win64; x64) AppleWebKit/537.36 (KHTML, like Gecko) Chrome/131.0.0.0 Safari/537.36 Edg/131.0.0.0'),
('::1','2025-01-10 09:27:44','Mozilla/5.0 (Windows NT 10.0; Win64; x64) AppleWebKit/537.36 (KHTML, like Gecko) Chrome/131.0.0.0 Safari/537.36 Edg/131.0.0.0'),
('::1','2025-01-10 09:27:53','Mozilla/5.0 (Windows NT 10.0; Win64; x64) AppleWebKit/537.36 (KHTML, like Gecko) Chrome/131.0.0.0 Safari/537.36 Edg/131.0.0.0'),
('::1','2025-01-10 09:28:04','Mozilla/5.0 (Windows NT 10.0; Win64; x64) AppleWebKit/537.36 (KHTML, like Gecko) Chrome/131.0.0.0 Safari/537.36 Edg/131.0.0.0'),
('::1','2025-01-10 09:28:35','Mozilla/5.0 (Windows NT 10.0; Win64; x64) AppleWebKit/537.36 (KHTML, like Gecko) Chrome/131.0.0.0 Safari/537.36 Edg/131.0.0.0'),
('::1','2025-01-10 09:40:38','Mozilla/5.0 (Windows NT 10.0; Win64; x64) AppleWebKit/537.36 (KHTML, like Gecko) Chrome/131.0.0.0 Safari/537.36 Edg/131.0.0.0'),
('::1','2025-01-10 09:40:41','Mozilla/5.0 (Windows NT 10.0; Win64; x64) AppleWebKit/537.36 (KHTML, like Gecko) Chrome/131.0.0.0 Safari/537.36 Edg/131.0.0.0'),
('::1','2025-01-10 09:40:41','Mozilla/5.0 (Windows NT 10.0; Win64; x64) AppleWebKit/537.36 (KHTML, like Gecko) Chrome/131.0.0.0 Safari/537.36 Edg/131.0.0.0'),
('::1','2025-01-10 09:40:57','Mozilla/5.0 (Windows NT 10.0; Win64; x64) AppleWebKit/537.36 (KHTML, like Gecko) Chrome/131.0.0.0 Safari/537.36 Edg/131.0.0.0'),
('::1','2025-01-10 09:40:58','Mozilla/5.0 (Windows NT 10.0; Win64; x64) AppleWebKit/537.36 (KHTML, like Gecko) Chrome/131.0.0.0 Safari/537.36 Edg/131.0.0.0'),
('::1','2025-01-10 09:41:03','Mozilla/5.0 (Windows NT 10.0; Win64; x64) AppleWebKit/537.36 (KHTML, like Gecko) Chrome/131.0.0.0 Safari/537.36 Edg/131.0.0.0'),
('::1','2025-01-10 09:41:10','Mozilla/5.0 (Windows NT 10.0; Win64; x64) AppleWebKit/537.36 (KHTML, like Gecko) Chrome/131.0.0.0 Safari/537.36 Edg/131.0.0.0'),
('::1','2025-01-10 09:41:30','Mozilla/5.0 (Windows NT 10.0; Win64; x64) AppleWebKit/537.36 (KHTML, like Gecko) Chrome/131.0.0.0 Safari/537.36 Edg/131.0.0.0'),
('::1','2025-01-10 09:41:35','Mozilla/5.0 (Windows NT 10.0; Win64; x64) AppleWebKit/537.36 (KHTML, like Gecko) Chrome/131.0.0.0 Safari/537.36 Edg/131.0.0.0'),
('::1','2025-01-10 09:41:47','Mozilla/5.0 (Windows NT 10.0; Win64; x64) AppleWebKit/537.36 (KHTML, like Gecko) Chrome/131.0.0.0 Safari/537.36 Edg/131.0.0.0'),
('::1','2025-01-10 10:03:54','Mozilla/5.0 (Windows NT 10.0; Win64; x64) AppleWebKit/537.36 (KHTML, like Gecko) Chrome/131.0.0.0 Safari/537.36 Edg/131.0.0.0'),
('::1','2025-01-10 10:04:07','Mozilla/5.0 (Windows NT 10.0; Win64; x64) AppleWebKit/537.36 (KHTML, like Gecko) Chrome/131.0.0.0 Safari/537.36 Edg/131.0.0.0'),
('::1','2025-01-10 10:43:03','Mozilla/5.0 (Windows NT 10.0; Win64; x64) AppleWebKit/537.36 (KHTML, like Gecko) Chrome/131.0.0.0 Safari/537.36 Edg/131.0.0.0'),
('::1','2025-01-10 10:43:10','Mozilla/5.0 (Windows NT 10.0; Win64; x64) AppleWebKit/537.36 (KHTML, like Gecko) Chrome/131.0.0.0 Safari/537.36 Edg/131.0.0.0'),
('::1','2025-01-10 10:43:10','Mozilla/5.0 (Windows NT 10.0; Win64; x64) AppleWebKit/537.36 (KHTML, like Gecko) Chrome/131.0.0.0 Safari/537.36 Edg/131.0.0.0'),
('::1','2025-01-10 10:46:38','Mozilla/5.0 (Windows NT 10.0; Win64; x64) AppleWebKit/537.36 (KHTML, like Gecko) Chrome/131.0.0.0 Safari/537.36 Edg/131.0.0.0'),
('::1','2025-01-10 10:46:38','Mozilla/5.0 (Windows NT 10.0; Win64; x64) AppleWebKit/537.36 (KHTML, like Gecko) Chrome/131.0.0.0 Safari/537.36 Edg/131.0.0.0'),
('::1','2025-01-10 10:46:48','Mozilla/5.0 (Windows NT 10.0; Win64; x64) AppleWebKit/537.36 (KHTML, like Gecko) Chrome/131.0.0.0 Safari/537.36 Edg/131.0.0.0'),
('::1','2025-01-10 10:52:41','Mozilla/5.0 (Windows NT 10.0; Win64; x64) AppleWebKit/537.36 (KHTML, like Gecko) Chrome/131.0.0.0 Safari/537.36 Edg/131.0.0.0'),
('::1','2025-01-10 10:52:49','Mozilla/5.0 (Windows NT 10.0; Win64; x64) AppleWebKit/537.36 (KHTML, like Gecko) Chrome/131.0.0.0 Safari/537.36 Edg/131.0.0.0'),
('::1','2025-01-10 10:52:51','Mozilla/5.0 (Windows NT 10.0; Win64; x64) AppleWebKit/537.36 (KHTML, like Gecko) Chrome/131.0.0.0 Safari/537.36 Edg/131.0.0.0'),
('::1','2025-01-10 10:52:51','Mozilla/5.0 (Windows NT 10.0; Win64; x64) AppleWebKit/537.36 (KHTML, like Gecko) Chrome/131.0.0.0 Safari/537.36 Edg/131.0.0.0'),
('::1','2025-01-10 10:53:10','Mozilla/5.0 (Windows NT 10.0; Win64; x64) AppleWebKit/537.36 (KHTML, like Gecko) Chrome/131.0.0.0 Safari/537.36 Edg/131.0.0.0'),
('::1','2025-01-10 10:53:10','Mozilla/5.0 (Windows NT 10.0; Win64; x64) AppleWebKit/537.36 (KHTML, like Gecko) Chrome/131.0.0.0 Safari/537.36 Edg/131.0.0.0'),
('::1','2025-01-10 10:53:14','Mozilla/5.0 (Windows NT 10.0; Win64; x64) AppleWebKit/537.36 (KHTML, like Gecko) Chrome/131.0.0.0 Safari/537.36 Edg/131.0.0.0'),
('::1','2025-01-10 10:53:27','Mozilla/5.0 (Windows NT 10.0; Win64; x64) AppleWebKit/537.36 (KHTML, like Gecko) Chrome/131.0.0.0 Safari/537.36 Edg/131.0.0.0'),
('::1','2025-01-10 14:48:57','Mozilla/5.0 (Windows NT 10.0; Win64; x64) AppleWebKit/537.36 (KHTML, like Gecko) Chrome/131.0.0.0 Safari/537.36 Edg/131.0.0.0'),
('::1','2025-01-10 14:49:08','Mozilla/5.0 (Windows NT 10.0; Win64; x64) AppleWebKit/537.36 (KHTML, like Gecko) Chrome/131.0.0.0 Safari/537.36 Edg/131.0.0.0'),
('::1','2025-01-10 14:49:18','Mozilla/5.0 (Windows NT 10.0; Win64; x64) AppleWebKit/537.36 (KHTML, like Gecko) Chrome/131.0.0.0 Safari/537.36 Edg/131.0.0.0'),
('::1','2025-01-10 14:49:21','Mozilla/5.0 (Windows NT 10.0; Win64; x64) AppleWebKit/537.36 (KHTML, like Gecko) Chrome/131.0.0.0 Safari/537.36 Edg/131.0.0.0'),
('::1','2025-01-10 14:49:21','Mozilla/5.0 (Windows NT 10.0; Win64; x64) AppleWebKit/537.36 (KHTML, like Gecko) Chrome/131.0.0.0 Safari/537.36 Edg/131.0.0.0'),
('::1','2025-01-10 14:49:31','Mozilla/5.0 (Windows NT 10.0; Win64; x64) AppleWebKit/537.36 (KHTML, like Gecko) Chrome/131.0.0.0 Safari/537.36 Edg/131.0.0.0'),
('::1','2025-01-10 14:49:31','Mozilla/5.0 (Windows NT 10.0; Win64; x64) AppleWebKit/537.36 (KHTML, like Gecko) Chrome/131.0.0.0 Safari/537.36 Edg/131.0.0.0'),
('::1','2025-01-16 12:51:29','Mozilla/5.0 (Windows NT 10.0; Win64; x64) AppleWebKit/537.36 (KHTML, like Gecko) Chrome/131.0.0.0 Safari/537.36 Edg/131.0.0.0'),
('::1','2025-01-16 12:51:36','Mozilla/5.0 (Windows NT 10.0; Win64; x64) AppleWebKit/537.36 (KHTML, like Gecko) Chrome/131.0.0.0 Safari/537.36 Edg/131.0.0.0'),
('::1','2025-01-16 12:51:37','Mozilla/5.0 (Windows NT 10.0; Win64; x64) AppleWebKit/537.36 (KHTML, like Gecko) Chrome/131.0.0.0 Safari/537.36 Edg/131.0.0.0'),
('::1','2025-01-16 13:01:41','Mozilla/5.0 (Windows NT 10.0; Win64; x64) AppleWebKit/537.36 (KHTML, like Gecko) Chrome/131.0.0.0 Safari/537.36 Edg/131.0.0.0'),
('::1','2025-01-16 13:03:03','Mozilla/5.0 (Windows NT 10.0; Win64; x64) AppleWebKit/537.36 (KHTML, like Gecko) Chrome/131.0.0.0 Safari/537.36 Edg/131.0.0.0'),
('::1','2025-01-16 13:11:37','Mozilla/5.0 (Windows NT 10.0; Win64; x64) AppleWebKit/537.36 (KHTML, like Gecko) Chrome/131.0.0.0 Safari/537.36 Edg/131.0.0.0'),
('::1','2025-01-16 13:11:37','Mozilla/5.0 (Windows NT 10.0; Win64; x64) AppleWebKit/537.36 (KHTML, like Gecko) Chrome/131.0.0.0 Safari/537.36 Edg/131.0.0.0'),
('::1','2025-01-16 13:11:55','Mozilla/5.0 (Windows NT 10.0; Win64; x64) AppleWebKit/537.36 (KHTML, like Gecko) Chrome/131.0.0.0 Safari/537.36 Edg/131.0.0.0'),
('::1','2025-01-16 13:12:14','Mozilla/5.0 (Windows NT 10.0; Win64; x64) AppleWebKit/537.36 (KHTML, like Gecko) Chrome/131.0.0.0 Safari/537.36 Edg/131.0.0.0'),
('::1','2025-01-16 13:12:48','Mozilla/5.0 (Windows NT 10.0; Win64; x64) AppleWebKit/537.36 (KHTML, like Gecko) Chrome/131.0.0.0 Safari/537.36 Edg/131.0.0.0'),
('::1','2025-01-16 13:12:48','Mozilla/5.0 (Windows NT 10.0; Win64; x64) AppleWebKit/537.36 (KHTML, like Gecko) Chrome/131.0.0.0 Safari/537.36 Edg/131.0.0.0'),
('::1','2025-01-16 13:13:23','Mozilla/5.0 (Windows NT 10.0; Win64; x64) AppleWebKit/537.36 (KHTML, like Gecko) Chrome/131.0.0.0 Safari/537.36 Edg/131.0.0.0'),
('::1','2025-01-16 13:13:31','Mozilla/5.0 (Windows NT 10.0; Win64; x64) AppleWebKit/537.36 (KHTML, like Gecko) Chrome/131.0.0.0 Safari/537.36 Edg/131.0.0.0'),
('::1','2025-01-16 13:56:18','Mozilla/5.0 (Windows NT 10.0; Win64; x64) AppleWebKit/537.36 (KHTML, like Gecko) Chrome/132.0.0.0 Safari/537.36'),
('::1','2025-01-16 13:56:18','Mozilla/5.0 (Windows NT 10.0; Win64; x64) AppleWebKit/537.36 (KHTML, like Gecko) Chrome/132.0.0.0 Safari/537.36'),
('::1','2025-01-16 14:26:30','Mozilla/5.0 (Windows NT 10.0; Win64; x64) AppleWebKit/537.36 (KHTML, like Gecko) Chrome/132.0.0.0 Safari/537.36'),
('::1','2025-01-16 14:26:31','Mozilla/5.0 (Windows NT 10.0; Win64; x64) AppleWebKit/537.36 (KHTML, like Gecko) Chrome/132.0.0.0 Safari/537.36'),
('::1','2025-01-16 14:26:48','Mozilla/5.0 (Windows NT 10.0; Win64; x64) AppleWebKit/537.36 (KHTML, like Gecko) Chrome/131.0.0.0 Safari/537.36 Edg/131.0.0.0'),
('::1','2025-03-21 14:21:53','Mozilla/5.0 (Windows NT 10.0; Win64; x64) AppleWebKit/537.36 (KHTML, like Gecko) Chrome/134.0.0.0 Safari/537.36 Edg/134.0.0.0');
/*!40000 ALTER TABLE `besucher` ENABLE KEYS */;
UNLOCK TABLES;

--
-- Table structure for table `bewertung`
--

DROP TABLE IF EXISTS `bewertung`;
/*!40101 SET @saved_cs_client     = @@character_set_client */;
/*!40101 SET character_set_client = utf8 */;
CREATE TABLE `bewertung` (
  `id` int(11) NOT NULL AUTO_INCREMENT,
  `bemerkung` varchar(800) NOT NULL,
  `sterne` int(11) NOT NULL,
  `zeitpunkt` datetime NOT NULL,
  `benutzerId` bigint(20) NOT NULL,
  `gerichtId` bigint(20) NOT NULL,
  `hervorgehoben` tinyint(1) DEFAULT 0,
  PRIMARY KEY (`id`),
  KEY `benutzerid_constraint` (`benutzerId`),
  KEY `gerichtId_constraint` (`gerichtId`),
  CONSTRAINT `benutzerid_constraint` FOREIGN KEY (`benutzerId`) REFERENCES `benutzer` (`id`) ON DELETE CASCADE,
  CONSTRAINT `gerichtId_constraint` FOREIGN KEY (`gerichtId`) REFERENCES `gericht` (`id`) ON DELETE CASCADE
) ENGINE=InnoDB AUTO_INCREMENT=16 DEFAULT CHARSET=utf8mb4 COLLATE=utf8mb4_unicode_ci;
/*!40101 SET character_set_client = @saved_cs_client */;

--
-- Dumping data for table `bewertung`
--

LOCK TABLES `bewertung` WRITE;
/*!40000 ALTER TABLE `bewertung` DISABLE KEYS */;
INSERT INTO `bewertung` VALUES
(1,'My first test Bewertung\r\n',4,'2025-01-08 18:34:11',1,20,0),
(2,'Die Zwiebeln waren perfekt gekocht!',4,'2025-01-09 14:06:38',1,1,0),
(3,'Leckere Bratkartoffeln',3,'2025-01-10 05:30:43',1,3,0),
(4,'Schmeckt nicht',1,'2025-01-10 05:31:06',1,21,1),
(5,'nicht schlecht',2,'2025-01-10 05:31:34',1,13,0),
(6,'Fisch ist immer lecker',3,'2025-01-10 05:31:54',1,10,0),
(7,'Schmeckt sehr gut',4,'2025-01-10 05:32:55',1,18,0),
(8,'too dry',2,'2025-01-10 05:33:34',1,17,1),
(9,'das schmeckt sehr schlecht',1,'2025-01-10 05:34:00',1,15,0),
(10,'mag ich nicht',1,'2025-01-10 05:34:22',1,14,0),
(14,'test Bewertung von Alaeddin',4,'2025-01-10 08:41:30',2,1,1),
(15,'Nicht so gut',2,'2025-01-16 12:13:31',1,21,0);
/*!40000 ALTER TABLE `bewertung` ENABLE KEYS */;
UNLOCK TABLES;

--
-- Table structure for table `ersteller`
--

DROP TABLE IF EXISTS `ersteller`;
/*!40101 SET @saved_cs_client     = @@character_set_client */;
/*!40101 SET character_set_client = utf8 */;
CREATE TABLE `ersteller` (
  `id` int(11) NOT NULL AUTO_INCREMENT,
  `name` varchar(100) NOT NULL DEFAULT 'Anonym',
  `email` varchar(300) NOT NULL,
  PRIMARY KEY (`id`),
  UNIQUE KEY `email_id_uniq` (`email`,`id`)
) ENGINE=InnoDB AUTO_INCREMENT=6 DEFAULT CHARSET=utf8mb4 COLLATE=utf8mb4_unicode_ci;
/*!40101 SET character_set_client = @saved_cs_client */;

--
-- Dumping data for table `ersteller`
--

LOCK TABLES `ersteller` WRITE;
/*!40000 ALTER TABLE `ersteller` DISABLE KEYS */;
INSERT INTO `ersteller` VALUES
(1,'Ali','alaeddin.bahrouni@alumni.fh-aachen.de'),
(2,'Alaeddin Bahrouni','alarayen114@gmail.com'),
(3,'Alaeddin Bahrouni2','test@email.com'),
(4,'Anonym','alaeddin.test@alumni.fh-aachen.de'),
(5,'test','remmy@fh-aachen.de');
/*!40000 ALTER TABLE `ersteller` ENABLE KEYS */;
UNLOCK TABLES;

--
-- Table structure for table `gericht`
--

DROP TABLE IF EXISTS `gericht`;
/*!40101 SET @saved_cs_client     = @@character_set_client */;
/*!40101 SET character_set_client = utf8 */;
CREATE TABLE `gericht` (
  `id` bigint(20) NOT NULL COMMENT 'Primärschlüssel',
  `name` varchar(80) NOT NULL COMMENT 'Name des Gerichts. Ein Name ist eindeutig.',
  `beschreibung` varchar(800) NOT NULL COMMENT 'Beschreibung des Gerichts.',
  `erfasst_am` date NOT NULL COMMENT 'Zeitpunkt der ersten Erfassung des Gerichts. ',
  `vegetarisch` tinyint(1) NOT NULL COMMENT 'Markierung, ob das Gericht vegetarisch ist. Standard: Nein.',
  `vegan` tinyint(1) NOT NULL COMMENT 'Markierung, ob das Gericht vegan ist. Standard: Nein. ',
  `preisintern` double NOT NULL COMMENT 'Preis für interne Personen (wie Studierende). Es gilt immer\r\npreisintern > 0. ',
  `preisextern` double NOT NULL COMMENT 'Preis für externe Personen (wie Gastdozent:innen).',
  `bildname` varchar(200) DEFAULT NULL COMMENT 'Name der Bilddatei, die das Gericht darstellt. Standard: null.',
  PRIMARY KEY (`id`),
  UNIQUE KEY `name_uindex` (`name`),
  UNIQUE KEY `idx_gericht_name` (`name`),
  CONSTRAINT `Nebenbedingung` CHECK (`preisintern` <= `preisextern`)
) ENGINE=InnoDB DEFAULT CHARSET=utf8mb4 COLLATE=utf8mb4_unicode_ci;
/*!40101 SET character_set_client = @saved_cs_client */;

--
-- Dumping data for table `gericht`
--

LOCK TABLES `gericht` WRITE;
/*!40000 ALTER TABLE `gericht` DISABLE KEYS */;
INSERT INTO `gericht` VALUES
(1,'Bratkartoffeln mit Speck und Zwiebeln','Kartoffeln mit Zwiebeln und gut Speck','2020-08-25',0,0,2.3,4,'01_bratkartoffel'),
(3,'Bratkartoffeln mit Zwiebeln','Kartoffeln mit Zwiebeln und ohne Speck','2020-08-25',1,1,2.3,4,'03_bratkartoffel'),
(4,'Grilltofu','Fein gewürzt und mariniert','2020-08-25',1,1,2.5,4.5,'04_tofu'),
(5,'Lasagne','Klassisch mit Bolognesesoße und Creme Fraiche','2020-08-24',0,0,2.5,4.5,NULL),
(6,'Lasagne vegetarisch','Klassisch mit Sojagranulatsoße und Creme Fraiche','2020-08-24',1,0,2.5,4.5,'06_lasagne'),
(7,'Hackbraten','Nicht nur für Hacker','2020-08-25',0,0,2.5,4,NULL),
(8,'Gemüsepfanne','Gesundes aus der Region, deftig angebraten','2020-08-25',1,1,2.3,4,NULL),
(9,'Hühnersuppe','Suppenhuhn trifft Petersilie','2020-08-25',0,0,2,3.5,'09_suppe'),
(10,'Forellenfilet','mit Kartoffeln und Dilldip','2020-08-22',0,0,3.8,5,'10_forelle'),
(11,'Kartoffel-Lauch-Suppe','der klassische Bauchwärmer mit frischen Kräutern','2020-08-22',1,0,2,3,'11_soup'),
(12,'Kassler mit Rosmarinkartoffeln','dazu Salat und Senf','2020-08-23',0,0,3.8,5.2,'12_kassler'),
(13,'Drei Reibekuchen mit Apfelmus','grob geriebene Kartoffeln aus der Region','2020-08-23',1,0,2.5,4.5,'13_reibekuchen'),
(14,'Pilzpfanne','die legendäre Pfanne aus Pilzen der Saison','2020-08-23',1,0,3,5,NULL),
(15,'Pilzpfanne vegan','die legendäre Pfanne aus Pilzen der Saison ohne Käse','2020-08-24',1,1,3,5,'15_pilze'),
(16,'Käsebrötchen','schmeckt vor und nach dem Essen','2020-08-24',1,0,1,1.5,NULL),
(17,'Schinkenbrötchen','schmeckt auch ohne Hunger','2020-08-25',0,0,1.25,1.75,'17_broetchen'),
(18,'Tomatenbrötchen','mit Schnittlauch und Zwiebeln','2020-08-25',1,1,1,1.5,NULL),
(19,'Mousse au Chocolat','sahnige schweizer Schokolade rundet jedes Essen ab','2020-08-26',1,0,1.25,1.75,'19_mousse'),
(20,'Suppenkreation á la Chef','was verschafft werden muss, gut und günstig','2020-08-26',0,0,0.5,0.9,'20_suppe'),
(21,'Currywurst mit Pommes','nicht das indische Curry','2024-11-19',0,0,2,2,NULL);
/*!40000 ALTER TABLE `gericht` ENABLE KEYS */;
UNLOCK TABLES;

--
-- Table structure for table `gericht_hat_allergen`
--

DROP TABLE IF EXISTS `gericht_hat_allergen`;
/*!40101 SET @saved_cs_client     = @@character_set_client */;
/*!40101 SET character_set_client = utf8 */;
CREATE TABLE `gericht_hat_allergen` (
  `code` char(4) DEFAULT NULL COMMENT 'Referenz auf Allergen.',
  `gericht_id` bigint(20) NOT NULL COMMENT 'Referenz auf das Gericht.',
  KEY `gericht_id_gha_fk` (`gericht_id`),
  KEY `code_update_delete_fk` (`code`),
  CONSTRAINT `code_update_delete_fk` FOREIGN KEY (`code`) REFERENCES `allergen` (`code`) ON DELETE CASCADE ON UPDATE CASCADE,
  CONSTRAINT `gericht_id_gha_fk` FOREIGN KEY (`gericht_id`) REFERENCES `gericht` (`id`) ON DELETE CASCADE
) ENGINE=InnoDB DEFAULT CHARSET=utf8mb4 COLLATE=utf8mb4_unicode_ci;
/*!40101 SET character_set_client = @saved_cs_client */;

--
-- Dumping data for table `gericht_hat_allergen`
--

LOCK TABLES `gericht_hat_allergen` WRITE;
/*!40000 ALTER TABLE `gericht_hat_allergen` DISABLE KEYS */;
INSERT INTO `gericht_hat_allergen` VALUES
('h',1),
('a3',1),
('a4',1),
('f1',3),
('a6',3),
('i',3),
('a3',4),
('f1',4),
('a4',4),
('h3',4),
('d',6),
('h1',7),
('a2',7),
('h3',7),
('c',7),
('a3',8),
('h3',10),
('d',10),
('f',10),
('f2',12),
('h1',12),
('a5',12),
('c',1),
('a2',9),
('i',14),
('f1',1),
('a1',15),
('a4',15),
('i',15),
('f3',15),
('h3',15);
/*!40000 ALTER TABLE `gericht_hat_allergen` ENABLE KEYS */;
UNLOCK TABLES;

--
-- Table structure for table `gericht_hat_kategorie`
--

DROP TABLE IF EXISTS `gericht_hat_kategorie`;
/*!40101 SET @saved_cs_client     = @@character_set_client */;
/*!40101 SET character_set_client = utf8 */;
CREATE TABLE `gericht_hat_kategorie` (
  `gericht_id` bigint(20) NOT NULL COMMENT 'Referenz auf Gericht. ',
  `kategorie_id` bigint(20) NOT NULL COMMENT 'Referenz auf Kategorie. ',
  PRIMARY KEY (`gericht_id`,`kategorie_id`),
  UNIQUE KEY `Uniq_grchtID_katID` (`gericht_id`,`kategorie_id`),
  KEY `kat_del_constr2` (`kategorie_id`),
  CONSTRAINT `gericht_id_fk` FOREIGN KEY (`gericht_id`) REFERENCES `gericht` (`id`) ON DELETE CASCADE,
  CONSTRAINT `gericht_id_fk1` FOREIGN KEY (`gericht_id`) REFERENCES `gericht` (`id`),
  CONSTRAINT `kat_del_constr2` FOREIGN KEY (`kategorie_id`) REFERENCES `kategorie` (`id`),
  CONSTRAINT `kategorie_id_fk` FOREIGN KEY (`kategorie_id`) REFERENCES `kategorie` (`id`) ON DELETE CASCADE,
  CONSTRAINT `kategorie_id_fk1` FOREIGN KEY (`kategorie_id`) REFERENCES `kategorie` (`id`)
) ENGINE=InnoDB DEFAULT CHARSET=utf8mb4 COLLATE=utf8mb4_unicode_ci;
/*!40101 SET character_set_client = @saved_cs_client */;

--
-- Dumping data for table `gericht_hat_kategorie`
--

LOCK TABLES `gericht_hat_kategorie` WRITE;
/*!40000 ALTER TABLE `gericht_hat_kategorie` DISABLE KEYS */;
INSERT INTO `gericht_hat_kategorie` VALUES
(1,3),
(3,3),
(4,3),
(5,3),
(6,3),
(7,3),
(9,3),
(21,3),
(16,4),
(17,4),
(18,4),
(16,5),
(17,5),
(18,5);
/*!40000 ALTER TABLE `gericht_hat_kategorie` ENABLE KEYS */;
UNLOCK TABLES;

--
-- Table structure for table `gerichten_allergene`
--

DROP TABLE IF EXISTS `gerichten_allergene`;
/*!40101 SET @saved_cs_client     = @@character_set_client */;
/*!40101 SET character_set_client = utf8 */;
CREATE TABLE `gerichten_allergene` (
  `gericht_id` bigint(20) NOT NULL COMMENT 'Referenz auf das Gericht.',
  `code` char(4) DEFAULT NULL COMMENT 'Referenz auf Allergen.',
  `id` bigint(20) NOT NULL COMMENT 'Primärschlüssel',
  `name` varchar(80) DEFAULT NULL
) ENGINE=InnoDB DEFAULT CHARSET=utf8mb4 COLLATE=utf8mb4_unicode_ci;
/*!40101 SET character_set_client = @saved_cs_client */;

--
-- Dumping data for table `gerichten_allergene`
--

LOCK TABLES `gerichten_allergene` WRITE;
/*!40000 ALTER TABLE `gerichten_allergene` DISABLE KEYS */;
INSERT INTO `gerichten_allergene` VALUES
(1,'h',1,'Nüsse'),
(1,'a3',1,'Gerste'),
(1,'a4',1,'Dinkel'),
(3,'f1',3,'Butter'),
(3,'a6',3,'Kamut'),
(3,'i',3,'Erdnüsse'),
(4,'a3',4,'Gerste'),
(4,'f1',4,'Butter'),
(4,'a4',4,'Dinkel'),
(4,'h3',4,'Walnüsse'),
(6,'d',6,'Schwefeldioxid/Sulfit'),
(7,'h1',7,'Mandeln'),
(7,'a2',7,'Roggen'),
(7,'h3',7,'Walnüsse'),
(7,'c',7,'Krebstiere'),
(8,'a3',8,'Gerste'),
(10,'h3',10,'Walnüsse'),
(10,'d',10,'Schwefeldioxid/Sulfit'),
(10,'f',10,'Milch und Laktose'),
(12,'f2',12,'Käse'),
(12,'h1',12,'Mandeln'),
(12,'a5',12,'Hafer'),
(1,'c',1,'Krebstiere'),
(9,'a2',9,'Roggen'),
(14,'i',14,'Erdnüsse'),
(1,'f1',1,'Butter'),
(15,'a1',15,'Weizen'),
(15,'a4',15,'Dinkel'),
(15,'i',15,'Erdnüsse'),
(15,'f3',15,'Margarine'),
(15,'h3',15,'Walnüsse');
/*!40000 ALTER TABLE `gerichten_allergene` ENABLE KEYS */;
UNLOCK TABLES;

--
-- Table structure for table `kategorie`
--

DROP TABLE IF EXISTS `kategorie`;
/*!40101 SET @saved_cs_client     = @@character_set_client */;
/*!40101 SET character_set_client = utf8 */;
CREATE TABLE `kategorie` (
  `id` bigint(20) NOT NULL COMMENT 'Primärschlüssel',
  `name` varchar(80) NOT NULL COMMENT 'Name der Kategorie, z.B. „Hauptgericht“, „Vorspeise“, „Salat“, „Sauce“ oder „Käsegericht“. ',
  `eltern_id` bigint(20) DEFAULT NULL COMMENT 'Referenz auf eine (Eltern-)Kategorie. Es soll eine Baumstruktur innerhalb der Kategorien abgebildet werden. Zum Beispiel enthält die Kategorie „Hauptgericht“ alle Kategorien, denen Gerichte zugeordnet sind, die als Hauptgang vorgesehen sind. ',
  `bildname` varchar(200) DEFAULT NULL COMMENT 'Name der Bilddatei, die eine Darstellung der Kategorie enthält. ',
  PRIMARY KEY (`id`),
  UNIQUE KEY `kategorie_name_constraint` (`name`),
  UNIQUE KEY `kategorie_bildname_constrain` (`bildname`),
  KEY `kategorie_del_constr` (`eltern_id`),
  CONSTRAINT `eltern_id_fk` FOREIGN KEY (`eltern_id`) REFERENCES `kategorie` (`id`) ON DELETE SET NULL,
  CONSTRAINT `kategorie_del_constr` FOREIGN KEY (`eltern_id`) REFERENCES `kategorie` (`id`)
) ENGINE=InnoDB DEFAULT CHARSET=utf8mb4 COLLATE=utf8mb4_unicode_ci;
/*!40101 SET character_set_client = @saved_cs_client */;

--
-- Dumping data for table `kategorie`
--

LOCK TABLES `kategorie` WRITE;
/*!40000 ALTER TABLE `kategorie` DISABLE KEYS */;
INSERT INTO `kategorie` VALUES
(1,'Aktionen',NULL,'kat_aktionen.png'),
(2,'Menus',NULL,'kat_menu.gif'),
(3,'Hauptspeisen',2,'kat_menu_haupt.bmp'),
(4,'Vorspeisen',2,'kat_menu_vor.svg'),
(5,'Desserts',2,'kat_menu_dessert.pic'),
(6,'Mensastars',1,'kat_stars.tif'),
(7,'Erstiewoche',1,'kat_erties.jpg');
/*!40000 ALTER TABLE `kategorie` ENABLE KEYS */;
UNLOCK TABLES;

--
-- Temporary table structure for view `view_kategoriegerichte_vegetarisch`
--

DROP TABLE IF EXISTS `view_kategoriegerichte_vegetarisch`;
/*!50001 DROP VIEW IF EXISTS `view_kategoriegerichte_vegetarisch`*/;
SET @saved_cs_client     = @@character_set_client;
SET character_set_client = utf8;
/*!50001 CREATE VIEW `view_kategoriegerichte_vegetarisch` AS SELECT
 1 AS `name`,
  1 AS `kategoriename` */;
SET character_set_client = @saved_cs_client;

--
-- Temporary table structure for view `view_suppengerichte`
--

DROP TABLE IF EXISTS `view_suppengerichte`;
/*!50001 DROP VIEW IF EXISTS `view_suppengerichte`*/;
SET @saved_cs_client     = @@character_set_client;
SET character_set_client = utf8;
/*!50001 CREATE VIEW `view_suppengerichte` AS SELECT
 1 AS `id`,
  1 AS `name`,
  1 AS `beschreibung`,
  1 AS `erfasst_am`,
  1 AS `vegetarisch`,
  1 AS `vegan`,
  1 AS `preisintern`,
  1 AS `preisextern`,
  1 AS `bildname` */;
SET character_set_client = @saved_cs_client;

--
-- Table structure for table `wunschgericht`
--

DROP TABLE IF EXISTS `wunschgericht`;
/*!40101 SET @saved_cs_client     = @@character_set_client */;
/*!40101 SET character_set_client = utf8 */;
CREATE TABLE `wunschgericht` (
  `id` int(11) NOT NULL AUTO_INCREMENT,
  `name` varchar(100) NOT NULL,
  `beschreibung` text NOT NULL,
  `erstellungsdatum` date NOT NULL,
  `ersteller_id` int(11) NOT NULL,
  PRIMARY KEY (`id`),
  KEY `id_ersteller_id_fk` (`ersteller_id`),
  CONSTRAINT `id_ersteller_id_fk` FOREIGN KEY (`ersteller_id`) REFERENCES `ersteller` (`id`) ON DELETE CASCADE
) ENGINE=InnoDB AUTO_INCREMENT=11 DEFAULT CHARSET=utf8mb4 COLLATE=utf8mb4_unicode_ci;
/*!40101 SET character_set_client = @saved_cs_client */;

--
-- Dumping data for table `wunschgericht`
--

LOCK TABLES `wunschgericht` WRITE;
/*!40000 ALTER TABLE `wunschgericht` DISABLE KEYS */;
INSERT INTO `wunschgericht` VALUES
(1,'mein wunsch2','ein besseres super gutes wunsch','2024-12-01',1),
(2,'neues Wunsch','super gutes wunsch','2024-12-01',2),
(3,'kein gericht','fasten ist gut!','2024-12-01',3),
(4,'vegan pizza','isst man nach dem Fasten','2024-12-01',3),
(5,'reales Wunsch','Das ist ein sehr machbares Wunsch','2024-12-01',1),
(6,'funktioniert das?','Das ist ein sehr machbares Wunsch','2024-12-01',1),
(7,'vegan burger','Nur für die Helden','2024-12-01',4),
(8,'vegan burger','Nur für die Helden','2024-12-01',4),
(9,'Pizza','test','2024-12-12',5),
(10,'Nudeln','toll','2024-12-12',5);
/*!40000 ALTER TABLE `wunschgericht` ENABLE KEYS */;
UNLOCK TABLES;

--
-- Final view structure for view `view_kategoriegerichte_vegetarisch`
--

/*!50001 DROP VIEW IF EXISTS `view_kategoriegerichte_vegetarisch`*/;
/*!50001 SET @saved_cs_client          = @@character_set_client */;
/*!50001 SET @saved_cs_results         = @@character_set_results */;
/*!50001 SET @saved_col_connection     = @@collation_connection */;
/*!50001 SET character_set_client      = utf8mb4 */;
/*!50001 SET character_set_results     = utf8mb4 */;
/*!50001 SET collation_connection      = utf8mb4_uca1400_ai_ci */;
/*!50001 CREATE ALGORITHM=UNDEFINED */
/*!50013 DEFINER=`root`@`localhost` SQL SECURITY DEFINER */
/*!50001 VIEW `view_kategoriegerichte_vegetarisch` AS select `gericht`.`name` AS `name`,`kategorie`.`name` AS `kategoriename` from (`kategorie` left join (`gericht` join `gericht_hat_kategorie` on(`gericht`.`id` = `gericht_hat_kategorie`.`gericht_id` and `gericht`.`vegetarisch` = 1)) on(`gericht_hat_kategorie`.`kategorie_id` = `kategorie`.`id`)) */;
/*!50001 SET character_set_client      = @saved_cs_client */;
/*!50001 SET character_set_results     = @saved_cs_results */;
/*!50001 SET collation_connection      = @saved_col_connection */;

--
-- Final view structure for view `view_suppengerichte`
--

/*!50001 DROP VIEW IF EXISTS `view_suppengerichte`*/;
/*!50001 SET @saved_cs_client          = @@character_set_client */;
/*!50001 SET @saved_cs_results         = @@character_set_results */;
/*!50001 SET @saved_col_connection     = @@collation_connection */;
/*!50001 SET character_set_client      = utf8mb4 */;
/*!50001 SET character_set_results     = utf8mb4 */;
/*!50001 SET collation_connection      = utf8mb4_uca1400_ai_ci */;
/*!50001 CREATE ALGORITHM=UNDEFINED */
/*!50013 DEFINER=`root`@`localhost` SQL SECURITY DEFINER */
/*!50001 VIEW `view_suppengerichte` AS select `gericht`.`id` AS `id`,`gericht`.`name` AS `name`,`gericht`.`beschreibung` AS `beschreibung`,`gericht`.`erfasst_am` AS `erfasst_am`,`gericht`.`vegetarisch` AS `vegetarisch`,`gericht`.`vegan` AS `vegan`,`gericht`.`preisintern` AS `preisintern`,`gericht`.`preisextern` AS `preisextern`,`gericht`.`bildname` AS `bildname` from `gericht` where `gericht`.`name` like '%suppe%' */;
/*!50001 SET character_set_client      = @saved_cs_client */;
/*!50001 SET character_set_results     = @saved_cs_results */;
/*!50001 SET collation_connection      = @saved_col_connection */;
/*!40103 SET TIME_ZONE=@OLD_TIME_ZONE */;

/*!40101 SET SQL_MODE=@OLD_SQL_MODE */;
/*!40014 SET FOREIGN_KEY_CHECKS=@OLD_FOREIGN_KEY_CHECKS */;
/*!40014 SET UNIQUE_CHECKS=@OLD_UNIQUE_CHECKS */;
/*!40101 SET CHARACTER_SET_CLIENT=@OLD_CHARACTER_SET_CLIENT */;
/*!40101 SET CHARACTER_SET_RESULTS=@OLD_CHARACTER_SET_RESULTS */;
/*!40101 SET COLLATION_CONNECTION=@OLD_COLLATION_CONNECTION */;
/*M!100616 SET NOTE_VERBOSITY=@OLD_NOTE_VERBOSITY */;

-- Dump completed on 2025-03-27 15:48:54
